model,target,horizon,rmse,mae,r2,bias,band_accuracy,band_within_one,rmse_std,n_folds,n,skill_vs_persistence,run_id,city_id,quick
persistence,aqi_mean,1,14.255403135310589,10.575973158191871,0.3551238206681387,-0.0145426700464723,0.77,0.9966666666666668,4.409386263967054,5,300,0.0,20260906T203412Z,karachi_pk,False
seasonal_naive,aqi_mean,1,25.14469684282355,19.69828408711213,-1.1042700847655342,-0.3880201732150403,0.6166666666666666,0.9833333333333332,3.5293910073713763,5,300,-0.7638713268332775,20260906T203412Z,karachi_pk,False
climatology,aqi_mean,1,20.00086121523203,16.150777461764555,-0.2959910112416412,2.670641018979587,0.6799999999999999,0.9933333333333334,3.720872084634098,5,300,-0.4030372221245686,20260906T203412Z,karachi_pk,False
drifted_persistence,aqi_mean,1,14.974362705664024,11.244051083398732,0.2884142382511555,0.0173475126742719,0.7666666666666667,0.9966666666666668,4.528052664299143,5,300,-0.0504341801862184,20260906T203412Z,karachi_pk,False
ridge,aqi_mean,1,9.67691238558551,7.358103917350158,0.7012470810234844,-0.0573990538478081,0.8533333333333333,1.0,2.7462926924171014,5,300,0.3211758170755739,20260906T203412Z,karachi_pk,False
ridge#0,aqi_mean,1,9.99966511179296,7.582406129266043,0.6809155035211253,0.0221365805318898,0.8533333333333333,1.0,2.8180297026596413,5,300,0.2985350875820675,20260906T203412Z,karachi_pk,False
ridge#1,aqi_mean,1,9.67691238558551,7.358103917350158,0.7012470810234844,-0.0573990538478081,0.8533333333333333,1.0,2.7462926924171014,5,300,0.3211758170755739,20260906T203412Z,karachi_pk,False
ridge#2,aqi_mean,1,9.465600256582755,7.2682121859574735,0.7152859320562606,0.1100534671908848,0.8566666666666667,1.0,2.770924320106482,5,300,0.3359991178968137,20260906T203412Z,karachi_pk,False
ridge#3,aqi_mean,1,9.457970440439194,7.293167619210391,0.7181964163534824,0.3897940828865002,0.8633333333333333,1.0,2.9046682610513046,5,300,0.3365343406520835,20260906T203412Z,karachi_pk,False
elastic_net,aqi_mean,1,9.492018226633377,7.325078425652147,0.7162981352106618,0.3853076877059631,0.8733333333333333,1.0,3.0986314078664035,5,300,0.3341459279308855,20260906T203412Z,karachi_pk,False
random_forest,aqi_mean,1,9.161216812591476,6.916704446154012,0.733237799408571,0.5846124508388311,0.8600000000000001,1.0,3.090041367233812,5,300,0.3573512635430721,20260906T203412Z,karachi_pk,False
random_forest#0,aqi_mean,1,9.161580864414704,6.884946853712488,0.7330599469500338,0.6084586327841668,0.86,1.0,3.1406831837819182,5,300,0.3573257257298112,20260906T203412Z,karachi_pk,False
random_forest#1,aqi_mean,1,9.161216812591476,6.916704446154012,0.733237799408571,0.5846124508388307,0.8600000000000001,1.0,3.090041367233812,5,300,0.3573512635430721,20260906T203412Z,karachi_pk,False
random_forest#2,aqi_mean,1,9.195563154112032,6.915453802040025,0.7315333333550972,0.5683925121640252,0.8600000000000001,1.0,3.110841127441465,5,300,0.3549419075119207,20260906T203412Z,karachi_pk,False
extra_trees,aqi_mean,1,9.04443082131851,6.905788125582761,0.7404789200090748,0.400547371267317,0.8533333333333333,1.0,2.8712390265156493,5,300,0.3655436654109427,20260906T203412Z,karachi_pk,False
hist_gradient_boosting,aqi_mean,1,9.29331658270025,6.874974432637946,0.7275827646315118,-0.2747778573799316,0.8566666666666667,1.0,3.349246914533118,5,300,0.3480846178470579,20260906T203412Z,karachi_pk,False
hist_gradient_boosting#0,aqi_mean,1,9.243130258333284,6.9372734314114455,0.729834879602216,-0.3047646955996686,0.8733333333333333,1.0,3.426694455974732,5,300,0.3516051303075336,20260906T203412Z,karachi_pk,False
hist_gradient_boosting#1,aqi_mean,1,9.29331658270025,6.874974432637946,0.7275827646315118,-0.2747778573799316,0.8566666666666667,1.0,3.349246914533118,5,300,0.3480846178470579,20260906T203412Z,karachi_pk,False
hist_gradient_boosting#2,aqi_mean,1,9.441515481173289,7.1419414238430985,0.7193441558745155,-0.4153135254296313,0.8566666666666667,1.0,3.3542904537115152,5,300,0.3376886369641357,20260906T203412Z,karachi_pk,False
sarimax,aqi_mean,1,14.255403135310589,10.575973158191871,0.3551238206681387,-0.0145426700464723,0.77,0.9966666666666668,4.409386263967054,5,300,0.0,20260906T203412Z,karachi_pk,False
persistence,aqi_mean,2,19.673626821428947,14.889571968051268,-0.2334783773413423,-0.0067020490071821,0.6799999999999999,0.9866666666666668,4.598451195828639,5,300,0.0,20260906T203412Z,karachi_pk,False
seasonal_naive,aqi_mean,2,25.18366842823308,19.763907238780902,-1.0874803291498458,-0.3207409167722859,0.6166666666666667,0.9833333333333332,3.437986002319149,5,300,-0.2800724877429552,20260906T203412Z,karachi_pk,False
climatology,aqi_mean,2,19.986808233409647,16.1381030668651,-0.2788950978679475,2.713226684193492,0.6799999999999999,0.9933333333333334,3.74098905593304,5,300,-0.0159188447978273,20260906T203412Z,karachi_pk,False
drifted_persistence,aqi_mean,2,21.589951889757227,16.50508770264043,-0.4832553395244113,0.0570783164343069,0.6533333333333333,0.9866666666666668,4.969677794076054,5,300,-0.0974057852028065,20260906T203412Z,karachi_pk,False
ridge,aqi_mean,2,17.02466796006736,12.733673182999198,0.0751243414859839,0.219331940258338,0.7,0.9966666666666668,4.028951632696012,5,300,0.1346451717014516,20260906T203412Z,karachi_pk,False
ridge#0,aqi_mean,2,17.623322188700744,13.097843759584872,0.0077371349052647,0.2188367275866079,0.7166666666666667,0.9966666666666668,4.2288540992294505,5,300,0.1042158952865247,20260906T203412Z,karachi_pk,False
ridge#1,aqi_mean,2,17.02466796006736,12.733673182999198,0.0751243414859839,0.219331940258338,0.7,0.9966666666666668,4.028951632696012,5,300,0.1346451717014516,20260906T203412Z,karachi_pk,False
ridge#2,aqi_mean,2,16.24360562654413,12.30946858031266,0.162063514126016,0.6902609145969806,0.7,0.9966666666666668,3.796188225935498,5,300,0.1743461551862294,20260906T203412Z,karachi_pk,False
ridge#3,aqi_mean,2,15.563077380267291,11.93674324036458,0.2356787039921855,1.393345294589679,0.7266666666666667,0.9966666666666668,3.64974507328398,5,300,0.2089370444235707,20260906T203412Z,karachi_pk,False
elastic_net,aqi_mean,2,15.330008686282094,11.909088086925204,0.2566896260648561,1.537186924566557,0.75,0.9966666666666668,3.682031228330864,5,300,0.2207838023244239,20260906T203412Z,karachi_pk,False
random_forest,aqi_mean,2,15.364642402225131,12.04475815427811,0.2494350623750144,1.0430702783149204,0.7533333333333333,0.9966666666666668,3.219359062093835,5,300,0.2190233889417061,20260906T203412Z,karachi_pk,False
random_forest#0,aqi_mean,2,15.447492718772564,12.116720455912034,0.2417886976949023,0.9394581481236064,0.7633333333333333,0.9933333333333334,3.392463286896512,5,300,0.2148121513646473,20260906T203412Z,karachi_pk,False
random_forest#1,aqi_mean,2,15.364642402225131,12.04475815427811,0.2494350623750145,1.0430702783149195,0.7533333333333333,0.9966666666666668,3.2193590620938344,5,300,0.2190233889417061,20260906T203412Z,karachi_pk,False
random_forest#2,aqi_mean,2,15.41571985597125,12.111710505400582,0.245176445835681,1.018725977026828,0.7466666666666667,0.9933333333333334,3.292721031107326,5,300,0.2164271491019587,20260906T203412Z,karachi_pk,False
extra_trees,aqi_mean,2,15.317599572007593,12.037105544277122,0.2558048601741517,0.475391112679652,0.7433333333333334,0.9966666666666668,3.365195032906061,5,300,0.2214145510108321,20260906T203412Z,karachi_pk,False
hist_gradient_boosting,aqi_mean,2,15.04016071267792,11.802805060521488,0.2783547214856853,-1.3937308714780012,0.7533333333333333,0.9966666666666668,3.1066090671171,5,300,0.2355166208451282,20260906T203412Z,karachi_pk,False
hist_gradient_boosting#0,aqi_mean,2,14.887833810418703,11.653646259198483,0.2936813339185688,-0.8279391478430342,0.7533333333333333,0.9966666666666668,3.215574303808259,5,300,0.2432593163654732,20260906T203412Z,karachi_pk,False
hist_gradient_boosting#1,aqi_mean,2,15.04016071267792,11.802805060521488,0.2783547214856853,-1.3937308714780012,0.7533333333333333,0.9966666666666668,3.1066090671171,5,300,0.2355166208451282,20260906T203412Z,karachi_pk,False
hist_gradient_boosting#2,aqi_mean,2,15.275357100163456,12.036037523526549,0.2577301892255854,-1.1394417788499922,0.74,0.9966666666666668,3.1773059474120044,5,300,0.2235617134139598,20260906T203412Z,karachi_pk,False
sarimax,aqi_mean,2,19.673626821428947,14.889571968051268,-0.2334783773413423,-0.0067020490071821,0.6799999999999999,0.9866666666666668,4.598451195828639,5,300,0.0,20260906T203412Z,karachi_pk,False
persistence,aqi_mean,3,22.28962054806526,16.88280989840271,-0.6231594738799078,-0.0290077101816646,0.66,0.9866666666666668,4.4290714877012585,5,300,0.0,20260906T203412Z,karachi_pk,False
seasonal_naive,aqi_mean,3,25.180643972061983,19.758680158088044,-1.1240941279778227,-0.2755085551330797,0.6166666666666666,0.9833333333333332,3.4498032474794225,5,300,-0.129702675636067,20260906T203412Z,karachi_pk,False
climatology,aqi_mean,3,19.98058536995068,16.175018536336037,-0.2966935860558263,2.748178582588479,0.6799999999999999,0.9933333333333334,3.875094570552114,5,300,0.1035923950852093,20260906T203412Z,karachi_pk,False
drifted_persistence,aqi_mean,3,25.562952407116693,19.61098550675579,-1.1348100275981616,0.0666628379805693,0.6233333333333333,0.9833333333333332,4.927659019201767,5,300,-0.1468545349165022,20260906T203412Z,karachi_pk,False
ridge,aqi_mean,3,18.653271066540697,14.450100859290032,-0.1434436826801041,0.5692893906120265,0.7133333333333334,0.9966666666666668,4.161053285831043,5,300,0.1631409325108586,20260906T203412Z,karachi_pk,False
ridge#0,aqi_mean,3,19.246343162299585,14.978208082905224,-0.2182108178195733,0.5117284724613411,0.7033333333333334,0.9966666666666668,4.310936733020867,5,300,0.1365333868830633,20260906T203412Z,karachi_pk,False
ridge#1,aqi_mean,3,18.653271066540697,14.450100859290032,-0.1434436826801041,0.5692893906120265,0.7133333333333334,0.9966666666666668,4.161053285831043,5,300,0.1631409325108586,20260906T203412Z,karachi_pk,False
ridge#2,aqi_mean,3,17.685062134224992,13.614792384331782,-0.020160598077651,1.0609213480715427,0.7266666666666667,1.0,3.864002009394176,5,300,0.2065785913183677,20260906T203412Z,karachi_pk,False
ridge#3,aqi_mean,3,16.710659125325417,12.903061738143249,0.0967226435293508,1.8209649732952744,0.72,1.0,3.584052411089751,5,300,0.2502941407508211,20260906T203412Z,karachi_pk,False
elastic_net,aqi_mean,3,16.58975338303896,12.972523140347992,0.1068759484039428,2.4214751079102297,0.7333333333333333,1.0,3.501498084029773,5,300,0.2557184476395695,20260906T203412Z,karachi_pk,False
random_forest,aqi_mean,3,16.888113253043564,13.253501715877338,0.0567606923989793,2.593165587863869,0.7433333333333333,0.9933333333333334,2.876741004230124,5,300,0.2423328509955521,20260906T203412Z,karachi_pk,False
random_forest#0,aqi_mean,3,16.69552907646611,13.134683897594396,0.0841708186286677,2.103295972863897,0.74,0.9933333333333334,2.8630859208380635,5,300,0.2509729342200362,20260906T203412Z,karachi_pk,False
random_forest#1,aqi_mean,3,16.888113253043564,13.253501715877338,0.0567606923989793,2.593165587863869,0.7433333333333333,0.9933333333333334,2.876741004230124,5,300,0.2423328509955521,20260906T203412Z,karachi_pk,False
random_forest#2,aqi_mean,3,16.822653543530606,13.188861993575012,0.0653240913994435,2.320004877694311,0.74,0.9933333333333334,2.8407590715271622,5,300,0.2452696308914592,20260906T203412Z,karachi_pk,False
extra_trees,aqi_mean,3,16.7516254535405,13.13183119481942,0.0859178226842062,1.1641134329486025,0.72,0.9933333333333334,2.972866799217102,5,300,0.2484562302253036,20260906T203412Z,karachi_pk,False
hist_gradient_boosting,aqi_mean,3,16.529335022484762,12.979166353516934,0.0952971635942051,0.2068762694983975,0.7266666666666667,0.9966666666666668,2.3620852396479486,5,300,0.258429052803256,20260906T203412Z,karachi_pk,False
hist_gradient_boosting#0,aqi_mean,3,15.761652481106896,12.47778703856917,0.1863425878486971,0.2978396995151828,0.7466666666666666,1.0,2.903320406241661,5,300,0.2928703094286183,20260906T203412Z,karachi_pk,False
hist_gradient_boosting#1,aqi_mean,3,16.529335022484762,12.979166353516934,0.0952971635942051,0.2068762694983975,0.7266666666666667,0.9966666666666668,2.3620852396479486,5,300,0.258429052803256,20260906T203412Z,karachi_pk,False
hist_gradient_boosting#2,aqi_mean,3,16.309657560784785,12.83632755874758,0.1223914790937777,-0.2181409508515561,0.7233333333333334,0.9966666666666668,2.526852068253633,5,300,0.2682846473041254,20260906T203412Z,karachi_pk,False
sarimax,aqi_mean,3,22.28962054806526,16.88280989840271,-0.6231594738799078,-0.0290077101816646,0.66,0.9866666666666668,4.4290714877012585,5,300,0.0,20260906T203412Z,karachi_pk,False
persistence,aqi_max,1,17.870452254800146,12.77287788421322,0.2700144064007379,-0.0310519645120405,0.74,0.9866666666666668,3.014448012410784,5,300,0.0,20260906T203412Z,karachi_pk,False
seasonal_naive,aqi_max,1,28.9913894987745,23.4287588547147,-0.9655178593275074,-0.4365906210392906,0.5633333333333332,0.97,2.376684966181708,5,300,-0.6223086626689698,20260906T203412Z,karachi_pk,False
climatology,aqi_max,1,24.947264588476514,20.065996779067063,-0.4263256743619462,6.060222805763674,0.6333333333333333,0.9866666666666668,4.901711581127928,5,300,-0.3960063367604745,20260906T203412Z,karachi_pk,False
drifted_persistence,aqi_max,1,18.516069371438807,13.512013176350823,0.2161431114844069,0.0008382182087043,0.7300000000000001,0.9866666666666668,3.1080518661065653,5,300,-0.0361276316588599,20260906T203412Z,karachi_pk,False
ridge,aqi_max,1,16.241920617619478,12.289130473810696,0.3765164984454645,-1.2517720496629234,0.7866666666666666,0.9933333333333334,1.8980470673546384,5,300,0.0911298502108827,20260906T203412Z,karachi_pk,False
ridge#0,aqi_max,1,17.291945843381438,13.058501029521654,0.2906076037086637,-1.549079867636202,0.76,0.9933333333333334,2.258432009122805,5,300,0.0323722311651802,20260906T203412Z,karachi_pk,False
ridge#1,aqi_max,1,16.241920617619478,12.289130473810696,0.3765164984454645,-1.2517720496629234,0.7866666666666666,0.9933333333333334,1.8980470673546384,5,300,0.0911298502108827,20260906T203412Z,karachi_pk,False
ridge#2,aqi_max,1,15.1730105096867,11.550918263093346,0.459964917420664,-0.5278949312080308,0.7766666666666666,0.9966666666666668,1.6459478336689302,5,300,0.1509442350228652,20260906T203412Z,karachi_pk,False
ridge#3,aqi_max,1,14.444678433731308,11.076555394730908,0.5177658543851603,0.4197135682618791,0.8033333333333333,0.9966666666666668,1.7610079164109111,5,300,0.1917004545953026,20260906T203412Z,karachi_pk,False
elastic_net,aqi_max,1,14.110923446773006,10.960005142767937,0.5445229161439602,0.9945916045343122,0.7799999999999999,0.9966666666666668,2.1831720016407723,5,300,0.210376813883784,20260906T203412Z,karachi_pk,False
random_forest,aqi_max,1,15.078965958669798,11.396080995177831,0.4688096137263883,1.865810133718486,0.7566666666666666,0.9966666666666668,2.6402548777203867,5,300,0.1562068075462686,20260906T203412Z,karachi_pk,False
random_forest#0,aqi_max,1,14.47832034389451,11.194386340713068,0.5138654500207341,1.5895551393970055,0.7566666666666666,0.9966666666666668,3.151385721336577,5,300,0.1898179107355541,20260906T203412Z,karachi_pk,False
random_forest#1,aqi_max,1,15.0789659586698,11.396080995177831,0.4688096137263883,1.865810133718486,0.7566666666666666,0.9966666666666668,2.6402548777203863,5,300,0.1562068075462683,20260906T203412Z,karachi_pk,False
random_forest#2,aqi_max,1,14.533249567259976,11.160142949101726,0.5097833159159654,1.6289863190022882,0.7633333333333333,0.9966666666666668,2.772843130080801,5,300,0.1867441651704013,20260906T203412Z,karachi_pk,False
extra_trees,aqi_max,1,14.211887577358471,11.035740547484815,0.5333141800021374,1.09455268198092,0.7733333333333333,0.9966666666666668,2.8719397590083835,5,300,0.2047270335007305,20260906T203412Z,karachi_pk,False
hist_gradient_boosting,aqi_max,1,14.316453380387674,11.017763459604636,0.5284987327973656,0.1696044329771454,0.7699999999999999,1.0,3.011892057058447,5,300,0.1988757096764486,20260906T203412Z,karachi_pk,False
hist_gradient_boosting#0,aqi_max,1,14.061912773968714,10.85013748812822,0.5445708202827477,-0.0760700641460064,0.76,0.9966666666666668,3.054447963540233,5,300,0.2131193674635977,20260906T203412Z,karachi_pk,False
hist_gradient_boosting#1,aqi_max,1,14.316453380387674,11.017763459604636,0.5284987327973656,0.1696044329771454,0.7699999999999999,1.0,3.011892057058447,5,300,0.1988757096764486,20260906T203412Z,karachi_pk,False
hist_gradient_boosting#2,aqi_max,1,14.539287522638489,11.017850397484484,0.5085193173508957,-1.0031700693868548,0.7733333333333332,1.0,3.523892548052987,5,300,0.1864062914953301,20260906T203412Z,karachi_pk,False
sarimax,aqi_max,1,17.870452254800146,12.77287788421322,0.2700144064007379,-0.0310519645120405,0.74,0.9866666666666668,3.014448012410784,5,300,0.0,20260906T203412Z,karachi_pk,False
persistence,aqi_max,2,23.42321730114632,18.06748932038428,-0.2389520604947215,-0.0248415716096323,0.6599999999999999,0.9733333333333334,4.4820420393653295,5,300,0.0,20260906T203412Z,karachi_pk,False
seasonal_naive,aqi_max,2,29.018721294757647,23.497073176641187,-0.9537279185086912,-0.3645500633713562,0.5633333333333334,0.97,2.353620927378171,5,300,-0.2388870803558436,20260906T203412Z,karachi_pk,False
climatology,aqi_max,2,24.950683290290225,20.039821601633,-0.4131691076757303,6.105021759278192,0.6333333333333333,0.9866666666666668,4.796847233294692,5,300,-0.065211621849623,20260906T203412Z,karachi_pk,False
drifted_persistence,aqi_max,2,25.26611939980379,19.63501257327812,-0.4410898442041214,0.0389387938318563,0.64,0.9566666666666668,4.54341500587066,5,300,-0.0786784357999907,20260906T203412Z,karachi_pk,False
ridge,aqi_max,2,22.57625047574567,17.44304956885069,-0.2045359580278426,-1.3460481822329775,0.68,0.98,2.9470757067463373,5,300,0.036159286510961,20260906T203412Z,karachi_pk,False
ridge#0,aqi_max,2,23.65257331142593,18.365909603830765,-0.3228748946841629,-1.8838813075344176,0.6766666666666666,0.98,3.110388576163704,5,300,-0.0097918235283753,20260906T203412Z,karachi_pk,False
ridge#1,aqi_max,2,22.57625047574567,17.44304956885069,-0.2045359580278426,-1.3460481822329775,0.68,0.98,2.9470757067463373,5,300,0.036159286510961,20260906T203412Z,karachi_pk,False
ridge#2,aqi_max,2,20.967607596329074,16.236515146186868,-0.0263994850774178,-0.1007117386188555,0.7033333333333333,0.9866666666666668,2.6532956181657634,5,300,0.1048365676348427,20260906T203412Z,karachi_pk,False
ridge#3,aqi_max,2,19.426769923618373,15.20683386323898,0.1373231614406149,1.4687622070050363,0.73,0.9933333333333334,2.736562346372468,5,300,0.1706190625372527,20260906T203412Z,karachi_pk,False
elastic_net,aqi_max,2,18.750538152727,14.893033302154544,0.2036413861180972,2.2872411838796927,0.71,0.9933333333333334,3.241124558762503,5,300,0.1994892114240277,20260906T203412Z,karachi_pk,False
random_forest,aqi_max,2,18.755939884288427,14.872480057551972,0.2004420983905825,1.2807683726042125,0.6900000000000002,0.9966666666666668,3.0736414221525847,5,300,0.1992585970087669,20260906T203412Z,karachi_pk,False
random_forest#0,aqi_max,2,18.74771598945113,14.900519814742957,0.2003152468328409,1.3147078707175317,0.6833333333333333,0.9966666666666668,3.082265118017022,5,300,0.1996096971472134,20260906T203412Z,karachi_pk,False
random_forest#1,aqi_max,2,18.755939884288427,14.872480057551972,0.2004420983905828,1.2807683726042112,0.6900000000000002,0.9966666666666668,3.0736414221525847,5,300,0.1992585970087669,20260906T203412Z,karachi_pk,False
random_forest#2,aqi_max,2,18.69356084478179,14.781355427727055,0.2043125254952476,0.9490176589673204,0.7,0.9966666666666668,3.0519302772083186,5,300,0.2019217255920289,20260906T203412Z,karachi_pk,False
extra_trees,aqi_max,2,18.646045893055177,14.75572049024282,0.2110908477844229,0.4536367092690961,0.7066666666666667,0.9933333333333334,3.3334108402952034,5,300,0.2039502663819521,20260906T203412Z,karachi_pk,False
hist_gradient_boosting,aqi_max,2,18.74531367750144,14.772399030703005,0.1990335723519975,-0.3022415951028077,0.6833333333333333,0.9933333333333334,4.208786453407017,5,300,0.1997122582906638,20260906T203412Z,karachi_pk,False
hist_gradient_boosting#0,aqi_max,2,18.851148791373635,14.927347213408384,0.1914871663301934,-1.0795418916498476,0.6799999999999999,0.9966666666666668,4.154059293980741,5,300,0.1951938732835361,20260906T203412Z,karachi_pk,False
hist_gradient_boosting#1,aqi_max,2,18.74531367750144,14.772399030703005,0.1990335723519975,-0.3022415951028077,0.6833333333333333,0.9933333333333334,4.208786453407017,5,300,0.1997122582906638,20260906T203412Z,karachi_pk,False
hist_gradient_boosting#2,aqi_max,2,18.52160692151366,14.455400482724825,0.2131681236796946,-1.2286140435173354,0.6900000000000001,0.9966666666666668,4.136200640180401,5,300,0.2092628999942197,20260906T203412Z,karachi_pk,False
sarimax,aqi_max,2,23.42321730114632,18.06748932038428,-0.2389520604947215,-0.0248415716096323,0.6599999999999999,0.9733333333333334,4.4820420393653295,5,300,0.0,20260906T203412Z,karachi_pk,False
persistence,aqi_max,3,26.184369563080686,20.435197903225152,-0.5722503205149057,-0.0726615969581749,0.5733333333333334,0.9733333333333334,4.128632537056338,5,300,0.0,20260906T203412Z,karachi_pk,False
seasonal_naive,aqi_max,3,29.01017276448496,23.474715762192524,-0.9915475053419236,-0.3421926489226866,0.5633333333333334,0.97,2.3844696351113144,5,300,-0.1079194667871088,20260906T203412Z,karachi_pk,False
climatology,aqi_max,3,24.895545168031745,20.106551700091497,-0.4124257955104469,6.103510042423749,0.6333333333333333,0.9866666666666668,5.217871716552208,5,300,0.0492211352251211,20260906T203412Z,karachi_pk,False
drifted_persistence,aqi_max,3,29.3656206465594,23.034182963243133,-0.9805605990069692,0.0230089512040589,0.56,0.9533333333333333,4.048227329051163,5,300,-0.1214942783256538,20260906T203412Z,karachi_pk,False
ridge,aqi_max,3,23.54390022525225,18.585020037351352,-0.3165954545802652,-0.7075904413765229,0.6699999999999999,0.98,3.229389646223296,5,300,0.1008414325755404,20260906T203412Z,karachi_pk,False
ridge#0,aqi_max,3,24.505734348914824,19.17620279325608,-0.4309019232543779,-1.1461614490302563,0.66,0.98,3.360579090324986,5,300,0.0641082921672743,20260906T203412Z,karachi_pk,False
ridge#1,aqi_max,3,23.54390022525225,18.585020037351352,-0.3165954545802652,-0.7075904413765229,0.6699999999999999,0.98,3.229389646223296,5,300,0.1008414325755404,20260906T203412Z,karachi_pk,False
ridge#2,aqi_max,3,21.959807748687005,17.43021294317426,-0.1319017772167793,0.5534253057276357,0.7033333333333334,0.99,2.917376711798562,5,300,0.161339069257188,20260906T203412Z,karachi_pk,False
ridge#3,aqi_max,3,20.34942277231661,16.368219558634433,0.0447835646107996,2.2519950183875777,0.7166666666666666,0.9933333333333334,2.9099248587991733,5,300,0.2228408355109379,20260906T203412Z,karachi_pk,False
elastic_net,aqi_max,3,19.82479615334896,16.257883390790056,0.098720030635612,3.333927401810753,0.6933333333333334,0.9933333333333334,3.455163412302501,5,300,0.2428767052959169,20260906T203412Z,karachi_pk,False
random_forest,aqi_max,3,20.18014029638369,16.284534975180286,0.0469243476181882,2.603910501982036,0.6566666666666666,0.9933333333333334,2.469208208152298,5,300,0.2293058556262821,20260906T203412Z,karachi_pk,False
random_forest#0,aqi_max,3,20.04508145181098,16.324073565929176,0.0642397557056857,2.22102276470448,0.6466666666666667,0.9933333333333334,2.322470927623622,5,300,0.2344638505227161,20260906T203412Z,karachi_pk,False
random_forest#1,aqi_max,3,20.18014029638369,16.284534975180286,0.0469243476181882,2.603910501982037,0.6566666666666666,0.9933333333333334,2.469208208152298,5,300,0.2293058556262821,20260906T203412Z,karachi_pk,False
random_forest#2,aqi_max,3,20.035419074304507,16.21619557812794,0.0624934407072758,2.333080397192613,0.65,0.9933333333333334,2.4205666751733945,5,300,0.2348328637037742,20260906T203412Z,karachi_pk,False
extra_trees,aqi_max,3,19.689999010448307,16.00987530790644,0.1139381420746615,1.2590098657947972,0.6933333333333334,0.9933333333333334,2.993823474985239,5,300,0.2480247056163338,20260906T203412Z,karachi_pk,False
hist_gradient_boosting,aqi_max,3,19.58006681269641,15.313698306155995,0.1201541290349615,-0.2647361187777569,0.7033333333333334,0.9933333333333334,2.6634894900169592,5,300,0.25222309570883,20260906T203412Z,karachi_pk,False
hist_gradient_boosting#0,aqi_max,3,19.103213167136524,15.406876987280585,0.1664988330890754,-0.3565342280703414,0.6966666666666667,0.9933333333333334,3.5935818322358344,5,300,0.2704344811084708,20260906T203412Z,karachi_pk,False
hist_gradient_boosting#1,aqi_max,3,19.58006681269641,15.313698306155995,0.1201541290349615,-0.2647361187777569,0.7033333333333334,0.9933333333333334,2.6634894900169592,5,300,0.25222309570883,20260906T203412Z,karachi_pk,False
hist_gradient_boosting#2,aqi_max,3,19.128171855545645,15.07139026592634,0.1584433472251541,0.1424125631226372,0.6966666666666667,0.9966666666666668,2.333272357080968,5,300,0.269481290757678,20260906T203412Z,karachi_pk,False
sarimax,aqi_max,3,26.184369563080686,20.435197903225152,-0.5722503205149057,-0.0726615969581749,0.5733333333333334,0.9733333333333334,4.128632537056338,5,300,0.0,20260906T203412Z,karachi_pk,False
persistence,aqi_mean,1,14.190855769638969,10.651525245925994,0.3445168020495045,0.0486557703140402,0.7699999999999999,0.9966666666666668,4.745907112274497,5,300,0.0,20260907T070839Z,karachi_pk,True
seasonal_naive,aqi_mean,1,25.178773464132234,19.705107826726262,-1.1584123571502407,-0.0309666420222505,0.6166666666666668,0.9833333333333332,3.2721066180959912,5,300,-0.7742956360673949,20260907T070839Z,karachi_pk,True
climatology,aqi_mean,1,20.010909895015303,16.244007134150365,-0.3145496339905698,2.705680981581334,0.6866666666666668,0.9933333333333334,4.002718386461507,5,300,-0.4101270719577192,20260907T070839Z,karachi_pk,True
drifted_persistence,aqi_mean,1,14.91093786594097,11.328244119590815,0.2773817700075964,0.0545926101957467,0.7666666666666666,0.9966666666666668,4.879610242594821,5,300,-0.0507426830341408,20260907T070839Z,karachi_pk,True
ridge,aqi_mean,1,9.442378118920193,7.297602742766372,0.7167282711258253,-0.3138885128170859,0.86,1.0,2.998067113711086,5,300,0.3346153133962535,20260907T070839Z,karachi_pk,True
elastic_net,aqi_mean,1,9.427425734983846,7.367858637784941,0.7136954720103389,0.3405332555632241,0.8766666666666666,1.0,3.340472694860433,5,300,0.3356689766974011,20260907T070839Z,karachi_pk,True
random_forest,aqi_mean,1,9.30809393939108,6.992137878206696,0.7173901765566391,0.8548211040626752,0.8666666666666666,1.0,3.2103216917837614,5,300,0.3440780393733866,20260907T070839Z,karachi_pk,True
extra_trees,aqi_mean,1,9.14202558784119,6.964714131653284,0.727062699031282,0.5408139378022502,0.85,1.0,2.9177006752827204,5,300,0.3557805296421688,20260907T070839Z,karachi_pk,True
hist_gradient_boosting,aqi_mean,1,9.535299776061116,7.12804075959518,0.7048859634899632,0.3076398830316978,0.85,1.0,3.718774466830957,5,300,0.3280673180780481,20260907T070839Z,karachi_pk,True
persistence,aqi_mean,2,19.700809116283484,15.044244320536835,-0.2588759150342596,0.1158315202084213,0.6799999999999999,0.9866666666666668,4.804735701858556,5,300,0.0,20260907T070839Z,karachi_pk,True
seasonal_naive,aqi_mean,2,25.190416348398536,19.73934261760079,-1.1140645349325815,0.0938363786790592,0.6166666666666666,0.9833333333333332,3.3766878249075134,5,300,-0.2786488209551596,20260907T070839Z,karachi_pk,True
climatology,aqi_mean,2,19.985799039941504,16.228975194186784,-0.2905282330427974,2.8511729431204094,0.6833333333333333,0.9933333333333334,3.985773947650535,5,300,-0.0144658994448336,20260907T070839Z,karachi_pk,True
drifted_persistence,aqi_mean,2,21.627854256931126,16.670367628003053,-0.5118528670688048,0.1277051999718345,0.6533333333333334,0.9866666666666668,5.149794072496622,5,300,-0.0978155328176275,20260907T070839Z,karachi_pk,True
ridge,aqi_mean,2,16.27556356220862,12.32776687955073,0.1642972041848411,-0.5577491831651402,0.71,0.9966666666666668,4.478635292187301,5,300,0.1738631918038211,20260907T070839Z,karachi_pk,True
elastic_net,aqi_mean,2,15.157235466147474,11.882146727888468,0.2659880959740432,1.2725080402323483,0.76,0.9966666666666668,3.962831309157152,5,300,0.2306287839914437,20260907T070839Z,karachi_pk,True
random_forest,aqi_mean,2,15.556424231769958,12.27927032980608,0.2217580837118365,1.5226379660782603,0.7466666666666667,0.9966666666666668,3.4374902413585264,5,300,0.2103662270951111,20260907T070839Z,karachi_pk,True
extra_trees,aqi_mean,2,15.327367119323329,12.09221560453697,0.2417631045495666,0.7046908685904956,0.7466666666666666,0.9966666666666668,3.381466240227762,5,300,0.2219930141521617,20260907T070839Z,karachi_pk,True
hist_gradient_boosting,aqi_mean,2,15.629231602423246,12.336837271565338,0.2224343219218282,0.3371218392899346,0.7166666666666667,0.9966666666666668,3.8647094895368888,5,300,0.2066705732656899,20260907T070839Z,karachi_pk,True
persistence,aqi_mean,3,22.283879268385256,17.000561183432986,-0.612013104987542,0.2048009963385437,0.66,0.9866666666666668,4.81091412917379,5,300,0.0,20260907T070839Z,karachi_pk,True
seasonal_naive,aqi_mean,3,25.17787482653332,19.721068114009743,-1.0923929657291964,0.197348524855654,0.6166666666666667,0.9833333333333332,3.386181590797557,5,300,-0.1298694685648316,20260907T070839Z,karachi_pk,True
climatology,aqi_mean,3,19.95818699710482,16.183572107269473,-0.2816540031196649,3.0360064003087883,0.6833333333333333,0.9933333333333334,3.993902860116998,5,300,0.1043665801304155,20260907T070839Z,karachi_pk,True
drifted_persistence,aqi_mean,3,25.56599858752064,19.75938397176072,-1.110753361349668,0.2226115159836629,0.6233333333333334,0.9833333333333332,5.267977394120478,5,300,-0.1472867124976671,20260907T070839Z,karachi_pk,True
ridge,aqi_mean,3,17.438651307986298,13.713871163813431,0.0384196868164306,-0.223364216430602,0.7166666666666667,0.9966666666666668,4.398336754704853,5,300,0.2174319786085456,20260907T070839Z,karachi_pk,True
elastic_net,aqi_mean,3,16.385485813142623,12.970336629098004,0.1373443096535476,2.198954715064529,0.74,1.0,3.827945840556381,5,300,0.2646932961807438,20260907T070839Z,karachi_pk,True
random_forest,aqi_mean,3,16.67680379675256,13.286022198156534,0.0989210759864341,2.5328315815471605,0.74,0.9966666666666668,2.8416872675285667,5,300,0.2516202589370337,20260907T070839Z,karachi_pk,True
extra_trees,aqi_mean,3,16.595960377315535,13.153106872681594,0.1139755906998797,1.008913017409732,0.7200000000000001,1.0,3.0945350525095523,5,300,0.2552481469929396,20260907T070839Z,karachi_pk,True
hist_gradient_boosting,aqi_mean,3,15.807541061723578,12.362040618879652,0.1945602874638226,1.3701667590263338,0.7166666666666666,0.9966666666666668,3.0991835036101776,5,300,0.2906288500606729,20260907T070839Z,karachi_pk,True
persistence,aqi_max,1,17.791175813086014,12.850057858864677,0.2727300361717257,0.121552598225602,0.7433333333333334,0.9866666666666668,3.691007698031056,5,300,0.0,20260907T070839Z,karachi_pk,True
seasonal_naive,aqi_max,1,28.90951780477003,23.318384963713434,-0.9770993553658835,-0.0219074778200251,0.5666666666666667,0.97,2.2738662605752293,5,300,-0.6249357607666435,20260907T070839Z,karachi_pk,True
climatology,aqi_max,1,24.790438914169734,20.12823911154756,-0.3744129442305751,6.139195290462101,0.6366666666666667,0.9866666666666668,5.660368695245188,5,300,-0.3934120585743144,20260907T070839Z,karachi_pk,True
drifted_persistence,aqi_max,1,18.44766356322756,13.59534994229928,0.219091039865562,0.1274894381073089,0.7333333333333334,0.9866666666666668,3.788822885692547,5,300,-0.036899626929586,20260907T070839Z,karachi_pk,True
ridge,aqi_max,1,15.707432931634202,11.91284414541486,0.4453228772137438,-1.8716883691321984,0.78,0.9933333333333334,2.179332336172356,5,300,0.1171222691149591,20260907T070839Z,karachi_pk,True
elastic_net,aqi_max,1,13.89428224797508,10.807133543065245,0.5660213241713491,0.8446534846416405,0.78,0.9966666666666668,2.545786824123093,5,300,0.2190351894698627,20260907T070839Z,karachi_pk,True
random_forest,aqi_max,1,15.27986926651713,11.512462459121451,0.4560943179737782,2.2257904945000506,0.7633333333333333,0.9966666666666668,2.20807193906923,5,300,0.1411546135540818,20260907T070839Z,karachi_pk,True
extra_trees,aqi_max,1,14.33307852872563,11.190879578999088,0.545321039757751,1.2386601175616287,0.7766666666666666,0.9966666666666668,2.883698540479425,5,300,0.1943714862182878,20260907T070839Z,karachi_pk,True
hist_gradient_boosting,aqi_max,1,14.39019334895227,10.848026665386332,0.5318650676449084,0.8024448556441873,0.7866666666666667,0.9966666666666668,3.322255082413833,5,300,0.1911611969812701,20260907T070839Z,karachi_pk,True
persistence,aqi_max,2,23.430396423918207,18.246519738635225,-0.2432625871682694,0.1985614702154626,0.6633333333333333,0.9733333333333332,4.910011078106824,5,300,0.0,20260907T070839Z,karachi_pk,True
seasonal_naive,aqi_max,2,28.929086942259698,23.345710692484023,-0.9062667370615948,0.1122370088719899,0.5666666666666667,0.97,2.2667807393531434,5,300,-0.2346819242344666,20260907T070839Z,karachi_pk,True
climatology,aqi_max,2,24.81453834347299,20.11764000269257,-0.3486515411471043,6.319777128743743,0.6366666666666667,0.9866666666666668,5.4830117603405695,5,300,-0.0590746265881281,20260907T070839Z,karachi_pk,True
drifted_persistence,aqi_max,2,25.295553908508275,19.830304609611023,-0.442963457599681,0.210435149978875,0.6433333333333333,0.9566666666666668,4.957659243050817,5,300,-0.0796041795812758,20260907T070839Z,karachi_pk,True
ridge,aqi_max,2,21.39851443782768,16.61100497431778,-0.0313430809354959,-2.416472251903522,0.7066666666666667,0.98,3.5797633177789776,5,300,0.0867199149911243,20260907T070839Z,karachi_pk,True
elastic_net,aqi_max,2,18.60776857541699,14.815457170572229,0.2321368488817707,1.8695690211992804,0.7133333333333333,0.9933333333333334,3.009366794451696,5,300,0.2058278383876673,20260907T070839Z,karachi_pk,True
random_forest,aqi_max,2,18.844521482407053,15.09472137515882,0.2284480338256596,1.5406550704112296,0.69,0.9966666666666668,3.041432859723608,5,300,0.1957233184851197,20260907T070839Z,karachi_pk,True
extra_trees,aqi_max,2,18.80976340762568,15.119081148904169,0.2309751197740421,0.7641906450504147,0.6966666666666667,0.9966666666666668,3.2119492412051858,5,300,0.1972067792918647,20260907T070839Z,karachi_pk,True
hist_gradient_boosting,aqi_max,2,19.194369318485048,15.265821203148738,0.1993861119587308,1.5018160807602017,0.6766666666666666,0.9933333333333334,3.1152597692931727,5,300,0.1807919519922821,20260907T070839Z,karachi_pk,True
persistence,aqi_max,3,26.16195259233769,20.47031830880183,-0.5289442543920834,0.3331558935361217,0.5800000000000001,0.9733333333333334,4.478274015598919,5,300,0.0,20260907T070839Z,karachi_pk,True
seasonal_naive,aqi_max,3,28.83315828797738,23.268251883865524,-0.8624608870383896,0.2778833967046893,0.5700000000000001,0.97,2.613449409787834,5,300,-0.1021026884828935,20260907T070839Z,karachi_pk,True
climatology,aqi_max,3,24.723440843720148,20.01005462018616,-0.3308200955936901,6.545556862099438,0.64,0.9866666666666668,5.487319085832404,5,300,0.0549848771241507,20260907T070839Z,karachi_pk,True
drifted_persistence,aqi_max,3,29.3562998208944,23.099950548794464,-0.9149654168998784,0.3509664131812413,0.5666666666666667,0.9533333333333334,4.478280626696497,5,300,-0.1220989609732823,20260907T070839Z,karachi_pk,True
ridge,aqi_max,3,22.04679811647076,17.660738718756864,-0.0862355772231026,-1.830561686057275,0.7033333333333334,0.9933333333333334,3.886355270282645,5,300,0.1572953876948842,20260907T070839Z,karachi_pk,True
elastic_net,aqi_max,3,19.61457703918586,16.029860637205548,0.152839243648614,3.029329194258279,0.7066666666666667,0.9933333333333334,3.081812726087312,5,300,0.2502632603603688,20260907T070839Z,karachi_pk,True
random_forest,aqi_max,3,19.79719921618273,16.119884695940122,0.1650530098043155,2.5866342383903964,0.6666666666666666,0.9933333333333334,2.809260070401432,5,300,0.2432828113150497,20260907T070839Z,karachi_pk,True
extra_trees,aqi_max,3,19.52941085409993,15.904174936526578,0.1793743253969608,1.6561306067280004,0.7100000000000001,0.9966666666666668,2.8682025774577333,5,300,0.253518605495077,20260907T070839Z,karachi_pk,True
hist_gradient_boosting,aqi_max,3,18.98471402948314,15.229877145976968,0.2143204477634271,2.2870815934301474,0.7133333333333333,0.9933333333333334,1.8727006839173528,5,300,0.2743387955284585,20260907T070839Z,karachi_pk,True
persistence,aqi_mean,1,14.168348384291011,10.670045225506335,0.3569581628270225,0.067175749894381,0.7699999999999999,0.9966666666666668,4.824294973820666,5,300,0.0,20260908T070111Z,karachi_pk,True
seasonal_naive,aqi_mean,1,25.190416348398536,19.73934261760079,-1.1140645349325815,0.0938363786790592,0.6166666666666666,0.9833333333333332,3.3766878249075134,5,300,-0.7779359785031901,20260908T070111Z,karachi_pk,True
climatology,aqi_mean,1,20.000982150016632,16.24332483118426,-0.2921468460998217,2.790714978582273,0.6833333333333333,0.9933333333333334,4.001891474981281,5,300,-0.4116664559287999,20260908T070111Z,karachi_pk,True
drifted_persistence,aqi_mean,1,14.891312581366838,11.340252016177311,0.2905672123111828,0.0666005067822437,0.7666666666666666,0.9966666666666668,4.947160936273902,5,300,-0.0510267094982928,20260908T070111Z,karachi_pk,True
ridge,aqi_mean,1,9.441260250094246,7.294517017008476,0.7205693315210416,-0.3599812518795756,0.86,1.0,2.978930431262423,5,300,0.3336372035739797,20260908T070111Z,karachi_pk,True
elastic_net,aqi_mean,1,9.41903884743255,7.355829066753309,0.7179274507027384,0.31327924614792,0.8766666666666666,1.0,3.3465066856498,5,300,0.3352055869916499,20260908T070111Z,karachi_pk,True
random_forest,aqi_mean,1,9.29013115260299,6.980953997580788,0.7213394177051267,0.8470259238717569,0.8633333333333333,1.0,3.22365806447935,5,300,0.3443038736326308,20260908T070111Z,karachi_pk,True
extra_trees,aqi_mean,1,9.140527197167138,6.984852654416427,0.7303379264881782,0.5605645732145578,0.8533333333333333,1.0,2.877367065736661,5,300,0.354862899383418,20260908T070111Z,karachi_pk,True
hist_gradient_boosting,aqi_mean,1,9.359922604381968,7.110675519903383,0.7208934472722877,0.6603274538181909,0.8433333333333334,1.0,3.4516544345338893,5,300,0.3393780029604812,20260908T070111Z,karachi_pk,True
persistence,aqi_mean,2,19.676566355559537,15.03089407057204,-0.246762948625424,0.1561452260245035,0.6799999999999999,0.9866666666666668,4.886577743300472,5,300,0.0,20260908T070111Z,karachi_pk,True
seasonal_naive,aqi_mean,2,25.17787482653332,19.721068114009743,-1.0923929657291964,0.197348524855654,0.6166666666666667,0.9833333333333332,3.386181590797557,5,300,-0.2795868126361085,20260908T070111Z,karachi_pk,True
climatology,aqi_mean,2,19.958891455838103,16.190108599343723,-0.2817286601953416,2.975721915923954,0.6833333333333333,0.9933333333333334,3.9946432425880274,5,300,-0.0143482910166792,20260908T070111Z,karachi_pk,True
drifted_persistence,aqi_mean,2,21.60598648178181,16.660557756531226,-0.4993182936230935,0.1549947398002292,0.6533333333333333,0.9866666666666668,5.233115213117744,5,300,-0.0980567488939514,20260908T070111Z,karachi_pk,True
ridge,aqi_mean,2,16.233993289818,12.31152535907876,0.1725764149923734,-0.5125495421372859,0.71,0.9966666666666668,4.5035529357772965,5,300,0.1749580187688006,20260908T070111Z,karachi_pk,True
elastic_net,aqi_mean,2,15.145829907700849,11.888390085721984,0.2709164238508547,1.3144082657760932,0.76,0.9966666666666668,3.991580312265595,5,300,0.230260522389291,20260908T070111Z,karachi_pk,True
random_forest,aqi_mean,2,15.549154566242674,12.322550758263375,0.226758524423337,1.6535170019490082,0.7466666666666667,0.9966666666666668,3.502097407033645,5,300,0.2097628069213752,20260908T070111Z,karachi_pk,True
extra_trees,aqi_mean,2,15.285833046945736,12.14931856300456,0.2484438326660011,0.7763400935961233,0.7533333333333333,1.0,3.3185793138551647,5,300,0.2231453003167505,20260908T070111Z,karachi_pk,True
hist_gradient_boosting,aqi_mean,2,14.862160365327364,11.87642992509815,0.2977324670659063,0.154993007239107,0.72,0.9966666666666668,3.570973614278146,5,300,0.2446771404743531,20260908T070111Z,karachi_pk,True
persistence,aqi_mean,3,22.287460229579075,17.005123164139928,-0.6054772123280178,0.2002390156316009,0.6599999999999999,0.9866666666666668,4.800452850746973,5,300,0.0,20260908T070111Z,karachi_pk,True
seasonal_naive,aqi_mean,3,25.17025717090284,19.684814945441936,-1.0875824986588625,0.2336016934234615,0.6166666666666667,0.9833333333333332,3.347554804136008,5,300,-0.1293461395613764,20260908T070111Z,karachi_pk,True
climatology,aqi_mean,3,19.92012117182149,16.127045929697044,-0.2740724207834771,3.10925335445774,0.68,0.9933333333333334,4.033071942043949,5,300,0.1062184310536982,20260908T070111Z,karachi_pk,True
drifted_persistence,aqi_mean,3,25.569776849011028,19.7834822014492,-1.1052365142863,0.1985132862951883,0.6233333333333333,0.9833333333333332,5.275601700358356,5,300,-0.1472719002354421,20260908T070111Z,karachi_pk,True
ridge,aqi_mean,3,17.4096375350548,13.662277981518711,0.0421016505904532,-0.1853379121932768,0.7166666666666667,0.9966666666666668,4.300715316110052,5,300,0.218859513119876,20260908T070111Z,karachi_pk,True
elastic_net,aqi_mean,3,16.394190083644496,12.970266754162145,0.1388389021587161,2.2194046858398067,0.7366666666666667,1.0,3.792301896854105,5,300,0.2644208934184997,20260908T070111Z,karachi_pk,True
random_forest,aqi_mean,3,16.59971178217915,13.23599677708961,0.1078812971938137,2.584230564227852,0.7433333333333334,0.9966666666666668,2.7854101633970942,5,300,0.2551994883585416,20260908T070111Z,karachi_pk,True
extra_trees,aqi_mean,3,16.673583874778295,13.21290921992148,0.1070351777768517,1.080026904270571,0.7133333333333333,1.0,3.0315742894634057,5,300,0.2518849746437351,20260908T070111Z,karachi_pk,True
hist_gradient_boosting,aqi_mean,3,16.14143922729603,12.665434279337855,0.1610964686343495,1.4010522841682471,0.7233333333333334,1.0,3.0662093248718234,5,300,0.27576138954255,20260908T070111Z,karachi_pk,True
persistence,aqi_max,1,17.597468954913463,12.805514132628934,0.3027266636911893,0.0770088719898605,0.7466666666666667,0.9866666666666668,4.338322629471633,5,300,0.0,20260908T070111Z,karachi_pk,True
seasonal_naive,aqi_max,1,28.929086942259698,23.345710692484023,-0.9062667370615948,0.1122370088719899,0.5666666666666667,0.97,2.2667807393531434,5,300,-0.6439345349253927,20260908T070111Z,karachi_pk,True
climatology,aqi_max,1,24.83253125407355,20.139396489694924,-0.3507360759859462,6.246768142873982,0.6366666666666667,0.9866666666666668,5.4813187177239,5,300,-0.4111422112860132,20260908T070111Z,karachi_pk,True
drifted_persistence,aqi_max,1,18.257627388207368,13.544294133069696,0.2499883929571781,0.0764336288777235,0.7366666666666667,0.9866666666666668,4.404947144413773,5,300,-0.0375143968138429,20260908T070111Z,karachi_pk,True
ridge,aqi_max,1,15.682156887331738,11.869678318803714,0.4604604901533208,-1.9596371084371067,0.79,0.9933333333333334,2.0949418036403924,5,300,0.1088402015363091,20260908T070111Z,karachi_pk,True
elastic_net,aqi_max,1,13.857083294750527,10.757251887796103,0.5779259472595093,0.8070748989352883,0.7833333333333334,0.9966666666666668,2.536077568902912,5,300,0.2125524795495414,20260908T070111Z,karachi_pk,True
random_forest,aqi_max,1,15.290187830452634,11.467340082888082,0.4715482781767151,2.209138266089613,0.7633333333333333,0.9966666666666668,1.8546104816087177,5,300,0.1311143739120848,20260908T070111Z,karachi_pk,True
extra_trees,aqi_max,1,14.234057065305633,11.032635671154711,0.563361111299481,1.2954227513193108,0.7933333333333332,0.9966666666666668,2.86463020690332,5,300,0.1911304346224586,20260908T070111Z,karachi_pk,True
hist_gradient_boosting,aqi_max,1,14.448727232389428,10.929737930952513,0.5360900297461118,0.9678408567734068,0.7699999999999999,0.9966666666666668,2.806123078734593,5,300,0.1789315117186135,20260908T070111Z,karachi_pk,True
persistence,aqi_max,2,23.363004848067053,18.25956156373028,-0.2168768071068854,0.2116032953105196,0.6633333333333333,0.9733333333333332,5.226156962704933,5,300,0.0,20260908T070111Z,karachi_pk,True
seasonal_naive,aqi_max,2,28.83315828797738,23.268251883865524,-0.8624608870383896,0.2778833967046893,0.5700000000000001,0.97,2.613449409787834,5,300,-0.234137409784551,20260908T070111Z,karachi_pk,True
climatology,aqi_max,2,24.72303949469768,20.01375094922876,-0.3307737845427777,6.503091316813533,0.64,0.9866666666666668,5.487345396889184,5,300,-0.0582131731545287,20260908T070111Z,karachi_pk,True
drifted_persistence,aqi_max,2,25.2290237672488,19.8303222687184,-0.4155318636304225,0.2104528090862443,0.6433333333333333,0.9566666666666668,5.285818792592608,5,300,-0.0798706729428311,20260908T070111Z,karachi_pk,True
ridge,aqi_max,2,21.3496890570546,16.58177568157715,-0.0179583137183526,-2.386496970376096,0.7100000000000001,0.98,3.583542460894136,5,300,0.0861753787282643,20260908T070111Z,karachi_pk,True
elastic_net,aqi_max,2,18.57530219390617,14.788412587301924,0.2425698368789463,1.932922225427484,0.7133333333333333,0.9933333333333334,3.0377521312966063,5,300,0.2049266644122188,20260908T070111Z,karachi_pk,True
random_forest,aqi_max,2,18.79720418207729,15.06928161706956,0.2402494284579917,1.6146101085218043,0.6933333333333332,0.9966666666666668,3.00938476192698,5,300,0.1954286572160477,20260908T070111Z,karachi_pk,True
extra_trees,aqi_max,2,18.715967758499573,14.964641347457922,0.2475532462952704,0.7738624003119863,0.7000000000000001,0.9933333333333334,3.2598423877984155,5,300,0.1989057965697401,20260908T070111Z,karachi_pk,True
hist_gradient_boosting,aqi_max,2,18.5483404449148,14.557304175256272,0.2569971809134595,1.1246862610976065,0.7033333333333334,0.9933333333333334,2.4971148746342484,5,300,0.2060807004262811,20260908T070111Z,karachi_pk,True
persistence,aqi_max,3,26.138203953102625,20.41459587534176,-0.5192315859099086,0.2650126742712295,0.5833333333333334,0.9733333333333334,4.4897509850938135,5,300,0.0,20260908T070111Z,karachi_pk,True
seasonal_naive,aqi_max,3,28.804281656394046,23.221052897807223,-0.8568031304617131,0.3250823827629914,0.57,0.97,2.737153267170368,5,300,-0.1019992692717111,20260908T070111Z,karachi_pk,True
climatology,aqi_max,3,24.71634055490557,19.974869533164224,-0.3253743394518574,6.657589818552859,0.64,0.9866666666666668,5.442450754765372,5,300,0.0543978997465994,20260908T070111Z,karachi_pk,True
drifted_persistence,aqi_max,3,29.31190547860233,23.03891754759493,-0.9030062115423584,0.2632869449348172,0.5700000000000001,0.9533333333333334,4.588478117194774,5,300,-0.1214200306644628,20260908T070111Z,karachi_pk,True
ridge,aqi_max,3,22.024981019854124,17.669790515485307,-0.0773927834020551,-1.7399159780940352,0.7033333333333334,0.9933333333333334,3.880492103209453,5,300,0.1573644057804614,20260908T070111Z,karachi_pk,True
elastic_net,aqi_max,3,19.606766412049907,15.984664274766844,0.1554311750035346,3.080717112486489,0.71,0.9933333333333334,3.059880992346041,5,300,0.2498808851890311,20260908T070111Z,karachi_pk,True
random_forest,aqi_max,3,19.72013515049476,16.052822134123367,0.1759222050794953,2.5213862825536526,0.6699999999999999,0.9933333333333334,2.8241220811784533,5,300,0.2455436040717723,20260908T070111Z,karachi_pk,True
extra_trees,aqi_max,3,19.68116311298108,16.011566942004272,0.1715293393454928,1.5443207666739742,0.7033333333333334,0.9933333333333334,2.861458666962777,5,300,0.2470346031313712,20260908T070111Z,karachi_pk,True
hist_gradient_boosting,aqi_max,3,18.889106729640908,15.234613785901423,0.2328980165795862,2.2775653390332287,0.7000000000000001,0.9933333333333334,2.6655319763423955,5,300,0.2773372354301048,20260908T070111Z,karachi_pk,True
persistence,aqi_mean,1,14.168403854987655,10.648251499270597,0.3603438726060063,0.0889694761301224,0.7699999999999999,0.9966666666666668,4.801384049264248,5,300,0.0,20260909T071245Z,karachi_pk,True
seasonal_naive,aqi_mean,1,25.17787482653332,19.721068114009743,-1.0923929657291964,0.197348524855654,0.6166666666666667,0.9833333333333332,3.386181590797557,5,300,-0.777043842357023,20260909T071245Z,karachi_pk,True
climatology,aqi_mean,1,19.97409762052668,16.204458236341196,-0.2833428315514594,2.9152639513858163,0.6833333333333333,0.9933333333333334,4.010712174074268,5,300,-0.4097634303030726,20260909T071245Z,karachi_pk,True
drifted_persistence,aqi_mean,1,14.896628025843691,11.325005815943944,0.2940597874471634,0.0818467070156113,0.7666666666666666,0.9966666666666668,4.915203487479818,5,300,-0.0513977564663843,20260909T071245Z,karachi_pk,True
ridge,aqi_mean,1,9.455114594860005,7.299363916994359,0.7209493926025778,-0.3326393280691956,0.86,1.0,2.946279258081841,5,300,0.332661978608723,20260909T071245Z,karachi_pk,True
elastic_net,aqi_mean,1,9.413533469246511,7.340881456587698,0.7194826301499674,0.365916174868556,0.8766666666666666,1.0,3.332289198678286,5,300,0.3355967570099509,20260909T071245Z,karachi_pk,True
random_forest,aqi_mean,1,9.322208750586876,6.99326800717526,0.7211181005760501,0.9174604233721712,0.8666666666666666,1.0,3.210962373919719,5,300,0.3420424173393949,20260909T071245Z,karachi_pk,True
extra_trees,aqi_mean,1,9.13359755590739,6.975710351221092,0.7326696434445755,0.5774119288393171,0.8533333333333333,1.0,2.8894340297808987,5,300,0.3553545163316247,20260909T071245Z,karachi_pk,True
hist_gradient_boosting,aqi_mean,1,9.43818420831488,7.025601705037248,0.7163740478979697,0.6359041496675373,0.8366666666666667,1.0,3.635637279571332,5,300,0.3338569181882552,20260909T071245Z,karachi_pk,True
persistence,aqi_mean,2,19.70480177987607,15.053976030859326,-0.2479139005405572,0.1330632657372201,0.6799999999999999,0.9866666666666668,4.817154662382128,5,300,0.0,20260909T071245Z,karachi_pk,True
seasonal_naive,aqi_mean,2,25.17025717090284,19.684814945441936,-1.0875824986588625,0.2336016934234615,0.6166666666666667,0.9833333333333332,3.347554804136008,5,300,-0.2773666770202414,20260909T071245Z,karachi_pk,True
climatology,aqi_mean,2,19.92082756762884,16.133582421771294,-0.2741474368397391,3.0489688700729056,0.68,0.9933333333333334,4.033802216839414,5,300,-0.0109631038244388,20260909T071245Z,karachi_pk,True
drifted_persistence,aqi_mean,2,21.633093531438107,16.69673476882326,-0.5010701366605816,0.1188177275081977,0.6533333333333333,0.9866666666666668,5.188229581404458,5,300,-0.0978589773753189,20260909T071245Z,karachi_pk,True
ridge,aqi_mean,2,16.25366009342606,12.307389370239424,0.1716561944138518,-0.5125942247904239,0.71,0.9966666666666668,4.416054996493132,5,300,0.1751421671226635,20260909T071245Z,karachi_pk,True
elastic_net,aqi_mean,2,15.145702670207475,11.873793087037017,0.2726069645456291,1.3401482705117809,0.7566666666666666,0.9966666666666668,3.957201165648822,5,300,0.2313699554351603,20260909T071245Z,karachi_pk,True
random_forest,aqi_mean,2,15.531068221649292,12.285988617262747,0.229961176332258,1.6762953955825537,0.7566666666666666,0.9966666666666668,3.462265266181533,5,300,0.2118130192250545,20260909T071245Z,karachi_pk,True
extra_trees,aqi_mean,2,15.405397570877916,12.15263056472772,0.2394973055497511,0.8507836349361823,0.7466666666666666,0.9966666666666668,3.4353814953780444,5,300,0.2181906855510219,20260909T071245Z,karachi_pk,True
hist_gradient_boosting,aqi_mean,2,15.45937583494266,12.19629601650597,0.2403025247356427,0.9617539203372534,0.7233333333333334,0.9966666666666668,3.402868082294753,5,300,0.2154513398490077,20260909T071245Z,karachi_pk,True
persistence,aqi_mean,3,22.310959888763087,17.046008250747445,-0.609864176162565,0.159353929024081,0.66,0.9866666666666668,4.744787849682055,5,300,0.0,20260909T071245Z,karachi_pk,True
seasonal_naive,aqi_mean,3,25.14915831563073,19.71198541438997,-1.0836935121619322,0.282198017884805,0.6166666666666667,0.9833333333333332,3.558640289331145,5,300,-0.1272109510759822,20260909T071245Z,karachi_pk,True
climatology,aqi_mean,3,19.91254573657889,16.114772685330216,-0.2769082628061878,3.159350649166665,0.68,0.9933333333333334,4.075895263712475,5,300,0.107499370898522,20260909T071245Z,karachi_pk,True
drifted_persistence,aqi_mean,3,25.593014690528943,19.82801091093679,-1.112609336050138,0.1379856216805468,0.6233333333333334,0.9833333333333332,5.239429940126177,5,300,-0.1471050469423711,20260909T071245Z,karachi_pk,True
ridge,aqi_mean,3,17.42369621839182,13.67249687944498,0.0370404947262653,-0.1702834353810004,0.7166666666666666,1.0,4.225253217341336,5,300,0.2190521472288933,20260909T071245Z,karachi_pk,True
elastic_net,aqi_mean,3,16.380652730765213,12.950080781426962,0.1396952028351812,2.2432036532971624,0.7366666666666667,1.0,3.7840709064452938,5,300,0.2658024212120372,20260909T071245Z,karachi_pk,True
random_forest,aqi_mean,3,16.59568862087839,13.21194799612418,0.1076837380374335,2.5778558500705224,0.7433333333333334,1.0,2.918347364947067,5,300,0.2561642930819481,20260909T071245Z,karachi_pk,True
extra_trees,aqi_mean,3,16.676302156076577,13.182851215172878,0.1057028106271694,0.9142104365143302,0.7166666666666666,1.0,3.112998940261376,5,300,0.2525511121341043,20260909T071245Z,karachi_pk,True
hist_gradient_boosting,aqi_mean,3,16.825201312364015,13.385405195330872,0.0952837820802354,1.84254482808722,0.7033333333333334,1.0,3.374261750680292,5,300,0.2458772999346377,20260909T071245Z,karachi_pk,True
persistence,aqi_max,1,17.53901653232709,12.747928581298137,0.3111011776946161,0.134594423320659,0.75,0.9866666666666668,4.354003291059593,5,300,0.0,20260909T071245Z,karachi_pk,True
seasonal_naive,aqi_max,1,28.83315828797738,23.268251883865524,-0.8624608870383896,0.2778833967046893,0.5700000000000001,0.97,2.613449409787834,5,300,-0.6439438457015796,20260909T071245Z,karachi_pk,True
climatology,aqi_max,1,24.740958970217324,20.03550743623111,-0.3328452023173414,6.430082330943771,0.64,0.9866666666666668,5.48628497266146,5,300,-0.4106240748799086,20260909T071245Z,karachi_pk,True
drifted_persistence,aqi_max,1,18.20800607542738,13.493256107741267,0.2584978124675048,0.1274716542061481,0.74,0.9866666666666668,4.416026078043017,5,300,-0.0381429336056124,20260909T071245Z,karachi_pk,True
ridge,aqi_max,1,15.699245745164951,11.905473756979529,0.4649485775923637,-1.9330232985503628,0.7833333333333333,0.9933333333333334,2.0964723269741987,5,300,0.1048958921825039,20260909T071245Z,karachi_pk,True
elastic_net,aqi_max,1,13.809458347990594,10.723254715396829,0.5837730799812839,0.8818680621869964,0.79,0.9966666666666668,2.5867879598947305,5,300,0.2126435183787157,20260909T071245Z,karachi_pk,True
random_forest,aqi_max,1,15.242317917243586,11.446319072239648,0.4823355210482973,2.3404576096894005,0.7666666666666667,0.9933333333333334,1.847392708086828,5,300,0.1309479702496623,20260909T071245Z,karachi_pk,True
extra_trees,aqi_max,1,14.192451049853782,11.0995264721338,0.5708825486531988,1.5305151526816103,0.7766666666666666,0.9966666666666668,2.7560033376632167,5,300,0.1908069062085138,20260909T071245Z,karachi_pk,True
hist_gradient_boosting,aqi_max,1,14.428057125001551,10.85934287568518,0.5471788761579923,1.3770994340336364,0.7533333333333333,1.0,2.429685146007097,5,300,0.1773736515722852,20260909T071245Z,karachi_pk,True
persistence,aqi_max,2,23.398904713054616,18.283161056759432,-0.2138322861699637,0.1880038022813689,0.6633333333333333,0.9733333333333332,5.110540614088977,5,300,0.0,20260909T071245Z,karachi_pk,True
seasonal_naive,aqi_max,2,28.804281656394046,23.221052897807223,-0.8568031304617131,0.3250823827629914,0.57,0.97,2.737153267170368,5,300,-0.2310098275806766,20260909T071245Z,karachi_pk,True
climatology,aqi_max,2,24.715945163927422,19.97856586220683,-0.3253291004805899,6.615124273266955,0.64,0.9866666666666668,5.442449701772249,5,300,-0.0562864145576014,20260909T071245Z,karachi_pk,True
drifted_persistence,aqi_max,2,25.255238199283703,19.867016813752297,-0.4111990315266723,0.1737582640523454,0.6433333333333333,0.9566666666666668,5.23317472073873,5,300,-0.0793342042712543,20260909T071245Z,karachi_pk,True
ridge,aqi_max,2,21.30573802567921,16.561043033742788,-0.0047387758766607,-2.368629550714993,0.7133333333333334,0.98,3.700489233418809,5,300,0.0894557550041045,20260909T071245Z,karachi_pk,True
elastic_net,aqi_max,2,18.56972038335838,14.783362060777248,0.2464505205480821,1.9930526638110364,0.7133333333333334,0.9933333333333334,3.068072389465941,5,300,0.2063850589981657,20260909T071245Z,karachi_pk,True
random_forest,aqi_max,2,18.699486018733943,15.025179911222027,0.2509852774804209,1.643602416369933,0.6966666666666667,0.9966666666666668,3.0398327715714,5,300,0.2008392594418656,20260909T071245Z,karachi_pk,True
extra_trees,aqi_max,2,18.782144557322027,15.051905109387118,0.2496545823120857,0.950845465785084,0.7066666666666668,0.9933333333333334,3.28227423780398,5,300,0.1973066779128693,20260909T071245Z,karachi_pk,True
hist_gradient_boosting,aqi_max,2,18.47136310171344,14.494026740359818,0.2704472796658519,1.1897921098947244,0.6933333333333334,0.9933333333333334,2.944291566044545,5,300,0.2105885583863258,20260909T071245Z,karachi_pk,True
persistence,aqi_max,3,26.174776914735173,20.45558446849765,-0.5274145185457769,0.2240240811153361,0.5833333333333334,0.9733333333333334,4.333496201546608,5,300,0.0,20260909T071245Z,karachi_pk,True
seasonal_naive,aqi_max,3,28.79319485993725,23.29495657334588,-0.8716041398376128,0.4089226869455006,0.57,0.97,3.1606030275490933,5,300,-0.1000359221295994,20260909T071245Z,karachi_pk,True
climatology,aqi_max,3,24.718768533533584,19.97164451004397,-0.3339600515620059,6.736529387250949,0.64,0.9866666666666668,5.471916161729237,5,300,0.0556263912370509,20260909T071245Z,karachi_pk,True
drifted_persistence,aqi_max,3,29.34362916422155,23.084791842211384,-0.9140781266727792,0.2026557737718022,0.57,0.9533333333333334,4.475241373803294,5,300,-0.1210651101176134,20260909T071245Z,karachi_pk,True
ridge,aqi_max,3,22.026249166986865,17.672754177531285,-0.0773260320628596,-1.6777229440982944,0.7033333333333334,0.9933333333333334,3.883069761555928,5,300,0.1584933373553561,20260909T071245Z,karachi_pk,True
elastic_net,aqi_max,3,19.556251458734472,15.940222954422584,0.1560281465252327,3.11899175095535,0.71,0.9933333333333334,3.119559098858731,5,300,0.2528589060208869,20260909T071245Z,karachi_pk,True
random_forest,aqi_max,3,19.46648539633054,15.87563147351922,0.1915035418722785,2.437687810557728,0.6699999999999999,0.9933333333333334,2.977706552245071,5,300,0.256288393221345,20260909T071245Z,karachi_pk,True
extra_trees,aqi_max,3,19.548732584010374,15.853126599431596,0.1811389096669126,1.4917178345476907,0.7066666666666667,0.9933333333333334,3.1542999608456066,5,300,0.2531461625178034,20260909T071245Z,karachi_pk,True
hist_gradient_boosting,aqi_max,3,19.00321695270448,15.195029040863346,0.2161002487351654,1.3499387163764027,0.7233333333333334,0.9933333333333334,2.936797386612761,5,300,0.2739874339862452,20260909T071245Z,karachi_pk,True
persistence,aqi_mean,1,14.194779265233755,10.678055787399025,0.3592036216071239,0.0440937896070975,0.7699999999999999,0.9966666666666668,4.765127969443855,5,300,0.0,20260910T070841Z,karachi_pk,True
seasonal_naive,aqi_mean,1,25.17025717090284,19.684814945441936,-1.0875824986588625,0.2336016934234615,0.6166666666666667,0.9833333333333332,3.347554804136008,5,300,-0.7732052538886971,20260910T070841Z,karachi_pk,True
climatology,aqi_mean,1,19.93607540740198,16.147932058768767,-0.2757693697666511,2.9885109055347683,0.68,0.9933333333333334,4.04965353706672,5,300,-0.4044653343944531,20260910T070841Z,karachi_pk,True
drifted_persistence,aqi_mean,1,14.924085854888608,11.357134405415753,0.2924253378729985,0.0283716843201168,0.7666666666666666,0.9966666666666668,4.884243685050236,5,300,-0.0513785086775593,20260910T070841Z,karachi_pk,True
ridge,aqi_mean,1,9.490699039812174,7.330590091674722,0.7191700572083629,-0.3416695783375206,0.86,1.0,2.885507893076287,5,300,0.3313950951631171,20260910T070841Z,karachi_pk,True
elastic_net,aqi_mean,1,9.432515194567166,7.350766549642465,0.7191968399930537,0.3665458086695681,0.8766666666666666,1.0,3.28734489086249,5,300,0.3354940560668287,20260910T070841Z,karachi_pk,True
random_forest,aqi_mean,1,9.300322697632184,6.965566473697952,0.7227464021114439,0.9042983195481752,0.86,1.0,3.220569175199299,5,300,0.3448068107398621,20260910T070841Z,karachi_pk,True
extra_trees,aqi_mean,1,9.058820415557316,6.897172838470967,0.7369401186793394,0.5898224377007679,0.8533333333333333,1.0,2.911212577848731,5,300,0.3618202688262699,20260910T070841Z,karachi_pk,True
hist_gradient_boosting,aqi_mean,1,9.59126166374028,7.08186615231927,0.708343099497375,0.7445842656964805,0.8566666666666667,1.0,3.621763282378015,5,300,0.3243106155774143,20260910T070841Z,karachi_pk,True
persistence,aqi_mean,2,19.69698776464116,15.062613229845384,-0.2490400646325276,0.0703844528939585,0.6799999999999999,0.9866666666666668,4.86572461599652,5,300,0.0,20260910T070841Z,karachi_pk,True
seasonal_naive,aqi_mean,2,25.14915831563073,19.71198541438997,-1.0836935121619322,0.282198017884805,0.6166666666666667,0.9833333333333332,3.558640289331145,5,300,-0.2768022509907315,20260910T070841Z,karachi_pk,True
climatology,aqi_mean,2,19.913265485634827,16.121309177404463,-0.2769886774918162,3.09906616478183,0.68,0.9933333333333334,4.076553952145347,5,300,-0.0109802434553933,20260910T070841Z,karachi_pk,True
drifted_persistence,aqi_mean,2,21.635064038808338,16.710020570496063,-0.5035926585120593,0.0389402423199967,0.6533333333333333,0.9866666666666668,5.210646494809598,5,300,-0.0983945513560349,20260910T070841Z,karachi_pk,True
ridge,aqi_mean,2,16.29539155924991,12.31000356453843,0.1623290174405354,-0.520936545634002,0.7100000000000001,0.9966666666666668,4.328953733381749,5,300,0.172696264324111,20260910T070841Z,karachi_pk,True
elastic_net,aqi_mean,2,15.125053086877182,11.84248505855552,0.2725427926467116,1.3552775510622543,0.7566666666666666,0.9966666666666668,3.951954318883677,5,300,0.2321133938038606,20260910T070841Z,karachi_pk,True
random_forest,aqi_mean,2,15.431108730422858,12.206370181259992,0.2385695283787396,1.5116828607649722,0.76,0.9966666666666668,3.4833808495852603,5,300,0.2165751984613683,20260910T070841Z,karachi_pk,True
extra_trees,aqi_mean,2,15.37765318865316,12.150183143369343,0.2405324244798488,0.8181863983291908,0.7433333333333334,0.9966666666666668,3.54378435113416,5,300,0.2192890927079627,20260910T070841Z,karachi_pk,True
hist_gradient_boosting,aqi_mean,2,15.705629789761767,12.564909974172762,0.2192326299101356,0.0137011697890837,0.72,0.9933333333333334,3.827834717827416,5,300,0.2026379882331266,20260910T070841Z,karachi_pk,True
persistence,aqi_mean,3,22.30820139138413,17.039662876856447,-0.6005260123103062,0.0727392268694546,0.66,0.9866666666666668,4.740381079306183,5,300,0.0,20260910T070841Z,karachi_pk,True
seasonal_naive,aqi_mean,3,25.13550342390716,19.724897856299563,-1.0651364657846136,0.2951104597943953,0.6166666666666667,0.9833333333333332,3.692170656181344,5,300,-0.1267382333035143,20260910T070841Z,karachi_pk,True
climatology,aqi_mean,3,19.92024701002184,16.121233956773047,-0.2701373050869822,3.1889948199570863,0.68,0.9933333333333334,4.073791356210214,5,300,0.1070437880431084,20260910T070841Z,karachi_pk,True
drifted_persistence,aqi_mean,3,25.599789886101444,19.828638441075903,-1.102278454099005,0.025572911008513,0.6233333333333333,0.9833333333333332,5.208257630318319,5,300,-0.1475505997533528,20260910T070841Z,karachi_pk,True
ridge,aqi_mean,3,17.385234201559495,13.632932558961036,0.0480418548957936,-0.1219397324151937,0.7166666666666666,1.0,4.233650525777229,5,300,0.220679699965681,20260910T070841Z,karachi_pk,True
elastic_net,aqi_mean,3,16.368828787603835,12.930424978226734,0.1469188421879798,2.25648763794868,0.7366666666666667,1.0,3.793847622401431,5,300,0.2662416615117255,20260910T070841Z,karachi_pk,True
random_forest,aqi_mean,3,16.57659036895091,13.177576944750038,0.1166187797603476,2.486774967772667,0.7466666666666667,1.0,2.935425047064909,5,300,0.2569284238507405,20260910T070841Z,karachi_pk,True
extra_trees,aqi_mean,3,16.585939435853803,13.118196607742144,0.1205072198249582,0.9796444299097924,0.71,1.0,3.1568480690540057,5,300,0.2565093373121682,20260910T070841Z,karachi_pk,True
hist_gradient_boosting,aqi_mean,3,16.328474605342706,12.845624432673963,0.1503110571820342,-0.0069571676249498,0.72,1.0,3.0601663037292,5,300,0.2680506008140538,20260910T070841Z,karachi_pk,True
persistence,aqi_max,1,17.48412611317396,12.705247972933115,0.3177327083777099,0.0534093789607097,0.7533333333333333,0.9866666666666668,4.454241968438869,5,300,0.0,20260910T070841Z,karachi_pk,True
seasonal_naive,aqi_max,1,28.804281656394046,23.221052897807223,-0.8568031304617131,0.3250823827629914,0.57,0.97,2.737153267170368,5,300,-0.6474533225135319,20260910T070841Z,karachi_pk,True
climatology,aqi_max,1,24.733599555913468,20.000322349209178,-0.3273525658811934,6.542115287397192,0.64,0.9866666666666668,5.442608686686114,5,300,-0.4146317291361314,20260910T070841Z,karachi_pk,True
drifted_persistence,aqi_max,1,18.14827756242351,13.452899800719624,0.2658534769358337,0.0376872736737293,0.7433333333333334,0.9866666666666668,4.537155857366737,5,300,-0.0379859676686455,20260910T070841Z,karachi_pk,True
ridge,aqi_max,1,15.68063384746572,11.90432060265133,0.4717382606988588,-1.9125195668381807,0.7833333333333333,0.9966666666666668,2.339857447758995,5,300,0.1031502663635756,20260910T070841Z,karachi_pk,True
elastic_net,aqi_max,1,13.800469652190282,10.723020269276123,0.5865815117739184,0.9037997276412668,0.79,0.9966666666666668,2.673798924847865,5,300,0.210685763597193,20260910T070841Z,karachi_pk,True
random_forest,aqi_max,1,15.14885297322071,11.376693681520653,0.4915781915713358,2.245012181674472,0.7633333333333334,0.9933333333333334,1.836448454498496,5,300,0.1335653337683069,20260910T070841Z,karachi_pk,True
extra_trees,aqi_max,1,14.118204725431603,11.031540624713696,0.5793374459399228,1.441321630870783,0.7833333333333333,0.9966666666666668,2.9001696605298832,5,300,0.1925129895514878,20260910T070841Z,karachi_pk,True
hist_gradient_boosting,aqi_max,1,14.381893428070004,11.066134277009,0.5551617899367485,1.4602092968752207,0.76,1.0,2.503477477387252,5,300,0.1774313834745496,20260910T070841Z,karachi_pk,True
persistence,aqi_max,2,23.32889381613838,18.21563887678478,-0.213200038752806,0.0894296577946768,0.6666666666666667,0.9733333333333332,5.233765195033075,5,300,0.0,20260910T070841Z,karachi_pk,True
seasonal_naive,aqi_max,2,28.79319485993725,23.29495657334588,-0.8716041398376128,0.4089226869455006,0.57,0.97,3.1606030275490933,5,300,-0.2342288960147267,20260910T070841Z,karachi_pk,True
climatology,aqi_max,2,24.71837153563008,19.975340839086574,-0.3339130077559405,6.694063841965044,0.64,0.9866666666666668,5.471922548833118,5,300,-0.0595603773776229,20260910T070841Z,karachi_pk,True
drifted_persistence,aqi_max,2,25.18492703095955,19.80414323646439,-0.4109827514978727,0.0579854472207153,0.6466666666666667,0.9566666666666668,5.36180093452843,5,300,-0.0795594180096619,20260910T070841Z,karachi_pk,True
ridge,aqi_max,2,21.30066051429832,16.570583618117855,-0.0085550388028965,-2.3487934018266485,0.7133333333333334,0.98,3.7889165777859257,5,300,0.0869408261628321,20260910T070841Z,karachi_pk,True
elastic_net,aqi_max,2,18.51933184110448,14.737870778384394,0.2468831401070174,2.0277889645502087,0.7133333333333334,0.9933333333333334,3.177447882999905,5,300,0.2061633103112141,20260910T070841Z,karachi_pk,True
random_forest,aqi_max,2,18.56988563582255,14.88794650217316,0.2612632503476676,1.6434794492195053,0.7,0.9966666666666668,3.259577173349844,5,300,0.2039963068040396,20260910T070841Z,karachi_pk,True
extra_trees,aqi_max,2,18.66356059555292,14.970595143896006,0.2567064817739755,1.031595276533959,0.7,0.9966666666666668,3.4009001410790862,5,300,0.1999809016815917,20260910T070841Z,karachi_pk,True
hist_gradient_boosting,aqi_max,2,18.71070732568331,14.704878872165091,0.2474998644393287,0.2350423480151554,0.7166666666666667,0.9966666666666668,3.2991486474722658,5,300,0.1979599430154,20260910T070841Z,karachi_pk,True
persistence,aqi_max,3,26.100247231306223,20.379367738459628,-0.5276692249777727,0.096882129277567,0.5866666666666667,0.9733333333333334,4.44613620841129,5,300,0.0,20260910T070841Z,karachi_pk,True
seasonal_naive,aqi_max,3,28.800338752098146,23.344018677274903,-0.8858425025210478,0.4579847908745244,0.57,0.97,3.293713316710895,5,300,-0.1034508024718352,20260910T070841Z,karachi_pk,True
climatology,aqi_max,3,24.73890509729666,19.98700776625423,-0.3425416098436581,6.792974020627893,0.64,0.9866666666666668,5.471004158401575,5,300,0.0521582083857308,20260910T070841Z,karachi_pk,True
drifted_persistence,aqi_max,3,29.271866980050746,23.01554801620348,-0.9159674456285138,0.0497158134166247,0.5733333333333335,0.9533333333333334,4.588803436847376,5,300,-0.1215168469722496,20260910T070841Z,karachi_pk,True
ridge,aqi_max,3,21.9646184325726,17.601150991803195,-0.0735423106558167,-1.5796308536520058,0.7033333333333334,0.9933333333333334,3.948818899309385,5,300,0.1584517097513584,20260910T070841Z,karachi_pk,True
elastic_net,aqi_max,3,19.518870592408145,15.893038804627873,0.1565310057576925,3.185898668213942,0.71,0.9933333333333334,3.2012741893323806,5,300,0.2521576359247655,20260910T070841Z,karachi_pk,True
random_forest,aqi_max,3,19.452909590078,15.894194862582117,0.1927246113733258,2.4015604864046454,0.6766666666666666,0.9933333333333334,3.107988264196011,5,300,0.2546848534543766,20260910T070841Z,karachi_pk,True
extra_trees,aqi_max,3,19.43223284386749,15.812774653478368,0.1911661755775874,1.508036809196596,0.7,0.9966666666666668,3.3112356575560185,5,300,0.2554770584487305,20260910T070841Z,karachi_pk,True
hist_gradient_boosting,aqi_max,3,18.802189484643755,15.036122600862324,0.2271238943706561,1.0651465963500963,0.7000000000000001,0.9933333333333334,2.915561195069224,5,300,0.2796164220969039,20260910T070841Z,karachi_pk,True
persistence,aqi_mean,1,14.189121745266226,10.66025266107879,0.3539967502798151,0.0262906632868609,0.7699999999999999,0.9966666666666668,4.770112676169131,5,300,0.0,20260911T070843Z,karachi_pk,True
seasonal_naive,aqi_mean,1,25.14915831563073,19.71198541438997,-1.0836935121619322,0.282198017884805,0.6166666666666667,0.9833333333333332,3.558640289331145,5,300,-0.7724252964438052,20260911T070843Z,karachi_pk,True
climatology,aqi_mean,1,19.928800582298244,16.13565881440194,-0.2787273349596602,3.0386082002436927,0.68,0.9933333333333334,4.090868721094738,5,300,-0.4045126217164843,20260911T070843Z,karachi_pk,True
drifted_persistence,aqi_mean,1,14.91221194880866,11.339338010416052,0.2874584353966926,0.0025710909680726,0.7666666666666666,0.9966666666666668,4.906359394468742,5,300,-0.0509608851431324,20260911T070843Z,karachi_pk,True
ridge,aqi_mean,1,9.50496796025402,7.329476601934985,0.7164254283916315,-0.3165772130350736,0.86,1.0,2.8847650572344485,5,300,0.3301228835093287,20260911T070843Z,karachi_pk,True
elastic_net,aqi_mean,1,9.445021485698216,7.344154341501115,0.716580669421055,0.3818158087508566,0.8733333333333333,1.0,3.2528691476484104,5,300,0.3343477027498714,20260911T070843Z,karachi_pk,True
random_forest,aqi_mean,1,9.308967887709922,6.953080679442097,0.7196131405751095,0.8894990743047033,0.8699999999999999,1.0,3.1981098145741345,5,300,0.3439362876130385,20260911T070843Z,karachi_pk,True
extra_trees,aqi_mean,1,9.11627623790688,6.921617451800008,0.7313211554951373,0.6165861316825703,0.8633333333333333,1.0,2.897070197632981,5,300,0.3575165255771907,20260911T070843Z,karachi_pk,True
hist_gradient_boosting,aqi_mean,1,9.834627525556416,7.339536129664691,0.6915154099077803,0.1838149619221694,0.8400000000000001,1.0,3.406911008674231,5,300,0.3068896227606584,20260911T070843Z,karachi_pk,True
persistence,aqi_mean,2,19.70535042902537,15.026463567825948,-0.2423318952681415,0.0286454372623575,0.6799999999999999,0.9866666666666668,4.784674713710031,5,300,0.0,20260911T070843Z,karachi_pk,True
seasonal_naive,aqi_mean,2,25.13550342390716,19.724897856299563,-1.0651364657846136,0.2951104597943953,0.6166666666666667,0.9833333333333332,3.692170656181344,5,300,-0.275567441159704,20260911T070843Z,karachi_pk,True
climatology,aqi_mean,2,19.920967182331843,16.127770448847293,-0.2702189977925051,3.128710335572252,0.68,0.9933333333333334,4.07444695495003,5,300,-0.0109420410503779,20260911T070843Z,karachi_pk,True
drifted_persistence,aqi_mean,2,21.642015070612963,16.68061229676198,-0.4952853471631936,-0.0187937073752189,0.6533333333333333,0.9866666666666668,5.132315247688368,5,300,-0.0982811571183708,20260911T070843Z,karachi_pk,True
ridge,aqi_mean,2,16.24833430945227,12.261178974018597,0.1714221278815343,-0.4513489450639186,0.71,0.9966666666666668,4.351205389170968,5,300,0.17543540430933,20260911T070843Z,karachi_pk,True
elastic_net,aqi_mean,2,15.135181524437098,11.83071942737636,0.2759025509432285,1.3732238656971911,0.7566666666666666,0.9966666666666668,3.9079241756855065,5,300,0.2319252794335772,20260911T070843Z,karachi_pk,True
random_forest,aqi_mean,2,15.489505911008616,12.192919085471244,0.2383389533240347,1.419146093259728,0.7666666666666666,0.9966666666666668,3.461853705781565,5,300,0.2139441535536937,20260911T070843Z,karachi_pk,True
extra_trees,aqi_mean,2,15.353121134189829,12.115791353593105,0.249109583783975,0.6122678742155586,0.7466666666666666,0.9966666666666668,3.450764333852952,5,300,0.2208653589039877,20260911T070843Z,karachi_pk,True
hist_gradient_boosting,aqi_mean,2,15.38556572733279,12.288609919675272,0.2552616504607817,-0.2341609464225314,0.7466666666666666,0.9966666666666668,3.8625759305727496,5,300,0.2192188724200341,20260911T070843Z,karachi_pk,True
persistence,aqi_mean,3,22.28236579922397,17.012518284545504,-0.5841666899677342,0.0261871567384873,0.66,0.9866666666666668,4.82121824808735,5,300,0.0,20260911T070843Z,karachi_pk,True
seasonal_naive,aqi_mean,3,25.08469153364775,19.72298298515465,-1.0344671901551223,0.2750819426841289,0.6166666666666667,0.9833333333333332,4.021492456850954,5,300,-0.1257642819292275,20260911T070843Z,karachi_pk,True
climatology,aqi_mean,3,19.894479610842527,16.100880404351408,-0.255595808908885,3.2139727137762177,0.68,0.9933333333333334,4.113076775829864,5,300,0.1071648410181205,20260911T070843Z,karachi_pk,True
drifted_persistence,aqi_mean,3,25.57592501682512,19.811605931193,-1.0812800593499718,-0.0449715602178779,0.6233333333333333,0.9833333333333332,5.290253724448897,5,300,-0.1478101224653554,20260911T070843Z,karachi_pk,True
ridge,aqi_mean,3,17.32172025056026,13.576309319598916,0.063541785267707,-0.0780256231512231,0.7166666666666666,1.0,4.339903460697947,5,300,0.2226265197044954,20260911T070843Z,karachi_pk,True
elastic_net,aqi_mean,3,16.34821834652665,12.926056762876266,0.1563180573702504,2.2585329443284428,0.7366666666666667,1.0,3.960224256074374,5,300,0.2663158618868015,20260911T070843Z,karachi_pk,True
random_forest,aqi_mean,3,16.55295172245271,13.156522343099573,0.1286347232146478,2.3305095979906296,0.74,0.9966666666666668,3.107139209789966,5,300,0.2571277272977359,20260911T070843Z,karachi_pk,True
extra_trees,aqi_mean,3,16.53742674986604,13.02255899459183,0.1340005649344322,0.8784613251096693,0.7266666666666668,1.0,3.227125201739364,5,300,0.2578244653697414,20260911T070843Z,karachi_pk,True
hist_gradient_boosting,aqi_mean,3,15.956036812893611,12.463237585846842,0.1921720101710031,-0.5314430933995737,0.74,1.0,2.895390490023124,5,300,0.2839163957424434,20260911T070843Z,karachi_pk,True
persistence,aqi_max,1,17.48342238788437,12.687858872806377,0.3125089421987472,0.0360202788339672,0.7533333333333333,0.9866666666666668,4.442441590926025,5,300,0.0,20260911T070843Z,karachi_pk,True
seasonal_naive,aqi_max,1,28.79319485993725,23.29495657334588,-0.8716041398376128,0.4089226869455006,0.57,0.97,3.1606030275490933,5,300,-0.646885502228117,20260911T070843Z,karachi_pk,True
climatology,aqi_max,1,24.73609742658482,19.997097326088927,-0.3360172004733792,6.621054856095282,0.64,0.9866666666666668,5.471749634483042,5,300,-0.4148315402896401,20260911T070843Z,karachi_pk,True
drifted_persistence,aqi_max,1,18.144531572308384,13.431428923252668,0.2601828220246616,0.012300706515179,0.7433333333333334,0.9866666666666668,4.5341166963892565,5,300,-0.0378134881007135,20260911T070843Z,karachi_pk,True
ridge,aqi_max,1,15.649750596894028,11.889123146480612,0.4706890240135394,-1.8339502770136893,0.7833333333333333,0.9966666666666668,2.3897667074678104,5,300,0.1048805977633439,20260911T070843Z,karachi_pk,True
elastic_net,aqi_max,1,13.78832477161961,10.72403651598396,0.5854138595866635,0.9286706265398272,0.79,0.9966666666666668,2.727404492818036,5,300,0.2113486441204659,20260911T070843Z,karachi_pk,True
random_forest,aqi_max,1,15.160895119024364,11.431098375523742,0.4867774363994526,2.2529962865851827,0.7666666666666667,0.9933333333333334,1.966080803083105,5,300,0.1328416838152619,20260911T070843Z,karachi_pk,True
extra_trees,aqi_max,1,14.061160519488489,10.9856507689501,0.5804078266726004,1.4442512397599594,0.7866666666666666,0.9966666666666668,3.0637438499235743,5,300,0.1957432470868767,20260911T070843Z,karachi_pk,True
hist_gradient_boosting,aqi_max,1,14.566677563842097,11.04616116803142,0.5509086076139157,1.2203718099248768,0.79,1.0,2.4293660158499577,5,300,0.1668291687595168,20260911T070843Z,karachi_pk,True
persistence,aqi_max,2,23.31069976203496,18.18210275511177,-0.216310799058078,0.043472750316857,0.6666666666666667,0.9733333333333332,5.270530947959167,5,300,0.0,20260911T070843Z,karachi_pk,True
seasonal_naive,aqi_max,2,28.800338752098146,23.344018677274903,-0.8858425025210478,0.4579847908745244,0.57,0.97,3.293713316710895,5,300,-0.2354986785512081,20260911T070843Z,karachi_pk,True
climatology,aqi_max,2,24.73850897449277,19.990704095296834,-0.3424930292265428,6.750508475341986,0.64,0.9866666666666668,5.471008050780963,5,300,-0.061251237716305,20260911T070843Z,karachi_pk,True
drifted_persistence,aqi_max,2,25.17350703183244,19.77734850307674,-0.4160154469963103,-0.0039663943207204,0.6466666666666667,0.9566666666666668,5.368985715333655,5,300,-0.079912112841475,20260911T070843Z,karachi_pk,True
ridge,aqi_max,2,21.137125150290817,16.447480347049755,-0.0063568830406237,-2.1717674587386804,0.7133333333333334,0.98,4.014625371861543,5,300,0.0932436449327075,20260911T070843Z,karachi_pk,True
elastic_net,aqi_max,2,18.488519025711508,14.69963748977608,0.2461262040800128,2.1096752268044967,0.7133333333333334,0.9933333333333334,3.230789254006316,5,300,0.2068655503931763,20260911T070843Z,karachi_pk,True
random_forest,aqi_max,2,18.600116228051103,14.88525908536693,0.2584137481541235,1.5905701134095582,0.7033333333333333,0.9966666666666668,3.382597776114394,5,300,0.2020781693416067,20260911T070843Z,karachi_pk,True
extra_trees,aqi_max,2,18.48930476764149,14.806330880819557,0.2682443350282796,0.8864183625521516,0.6966666666666667,0.9966666666666668,3.5725446928355744,5,300,0.2068318430425603,20260911T070843Z,karachi_pk,True
hist_gradient_boosting,aqi_max,2,18.464630428047823,14.534482164646937,0.2684049241130096,-0.1658194279158433,0.7133333333333334,0.9933333333333334,3.3022397721290893,5,300,0.2078903414937244,20260911T070843Z,karachi_pk,True
persistence,aqi_max,3,26.04990312459392,20.35017889181831,-0.5075221084728556,0.0453358681875792,0.5866666666666667,0.9733333333333334,4.684250969510424,5,300,0.0,20260911T070843Z,karachi_pk,True
seasonal_naive,aqi_max,3,28.770819588561825,23.337808284372493,-0.8691478975567296,0.4319011406844105,0.57,0.97,3.535449467310924,5,300,-0.1044501567224283,20260911T070843Z,karachi_pk,True
climatology,aqi_max,3,24.72182352688248,19.97700771512202,-0.3313676328091322,6.822239779015531,0.64,0.9866666666666668,5.516064686231632,5,300,0.0509821319242292,20260911T070843Z,karachi_pk,True
drifted_persistence,aqi_max,3,29.232324928028323,22.99647125199019,-0.8976928898775256,-0.0258228487687856,0.5733333333333334,0.9533333333333334,4.789382299183461,5,300,-0.1221663584779266,20260911T070843Z,karachi_pk,True
ridge,aqi_max,3,21.845974164594583,17.48217960393602,-0.0591222457369463,-1.459173010047491,0.7033333333333334,0.9933333333333334,4.041333568431455,5,300,0.1613798308535885,20260911T070843Z,karachi_pk,True
elastic_net,aqi_max,3,19.467051505680388,15.86261747613076,0.167044964226046,3.2370590900851086,0.71,0.9933333333333334,3.49673142953372,5,300,0.2527015777152203,20260911T070843Z,karachi_pk,True
random_forest,aqi_max,3,19.411417636483325,15.78407614133458,0.2028344760187579,2.4349761972225883,0.6866666666666666,0.9933333333333334,3.1266043887079724,5,300,0.2548372428242601,20260911T070843Z,karachi_pk,True
extra_trees,aqi_max,3,19.515688090405543,15.882422068020006,0.190938993744366,1.118116680557473,0.7133333333333334,0.9966666666666668,3.3121521815163653,5,300,0.2508345233736924,20260911T070843Z,karachi_pk,True
hist_gradient_boosting,aqi_max,3,18.854391641099728,15.034464853860252,0.2238689465396631,1.003276792333746,0.73,0.9933333333333334,3.1107566972418192,5,300,0.2762202780209517,20260911T070843Z,karachi_pk,True
persistence,aqi_mean,1,14.227283019381252,10.64527008820173,0.3544808949233942,0.0023547739754964,0.7699999999999999,0.9966666666666668,4.643488168388794,5,300,0.0,20260912T070018Z,karachi_pk,True
seasonal_naive,aqi_mean,1,25.13550342390716,19.724897856299563,-1.0651364657846136,0.2951104597943953,0.6166666666666667,0.9833333333333332,3.692170656181344,5,300,-0.7667114226705183,20260912T070018Z,karachi_pk,True
climatology,aqi_mean,1,19.93651138320488,16.142120085844766,-0.2719852875120475,3.068252371034114,0.68,0.9933333333333334,4.088695446190811,5,300,-0.4012873263325243,20260912T070018Z,karachi_pk,True
drifted_persistence,aqi_mean,1,14.953305500771917,11.326307312715024,0.2879441412438417,-0.0250059734418695,0.7666666666666666,0.9966666666666668,4.768362171388155,5,300,-0.0510302972395806,20260912T070018Z,karachi_pk,True
ridge,aqi_mean,1,9.467012119695044,7.3038588977287535,0.7201558601638314,-0.3450053978324202,0.86,1.0,2.933048319520493,5,300,0.3345874889254316,20260912T070018Z,karachi_pk,True
elastic_net,aqi_mean,1,9.436968475811296,7.33484757879669,0.7178486241036127,0.3686934476326685,0.8766666666666666,1.0,3.258358611405638,5,300,0.3366991812171238,20260912T070018Z,karachi_pk,True
random_forest,aqi_mean,1,9.296687682218112,6.929197037190956,0.7211636336678953,0.8318937364347893,0.8666666666666666,1.0,3.1891038842746933,5,300,0.346559165966291,20260912T070018Z,karachi_pk,True
extra_trees,aqi_mean,1,9.051646491746572,6.84576464926477,0.7357249845445123,0.5067302952467505,0.8533333333333333,1.0,2.851796093387432,5,300,0.363782495968072,20260912T070018Z,karachi_pk,True
hist_gradient_boosting,aqi_mean,1,9.715103840925456,7.163296708233938,0.7005321454131737,0.6522707145537612,0.8466666666666667,1.0,3.2922973598905867,5,300,0.3171497447762189,20260912T070018Z,karachi_pk,True
persistence,aqi_mean,2,19.641571065658905,15.02048606465738,-0.2261148942829511,-0.0001035065483735,0.6799999999999999,0.9866666666666668,5.034985565874127,5,300,0.0,20260912T070018Z,karachi_pk,True
seasonal_naive,aqi_mean,2,25.08469153364775,19.72298298515465,-1.0344671901551223,0.2750819426841289,0.6166666666666667,0.9833333333333332,4.021492456850954,5,300,-0.277122458778541,20260912T070018Z,karachi_pk,True
climatology,aqi_mean,2,19.89521305991516,16.107416896425654,-0.2556781046809593,3.153688229391383,0.68,0.9933333333333334,4.1136664138829255,5,300,-0.0129135288316988,20260912T070018Z,karachi_pk,True
drifted_persistence,aqi_mean,2,21.586854732002628,16.67853854394547,-0.4771951877098324,-0.0548250013831047,0.6533333333333333,0.9866666666666668,5.357495954126297,5,300,-0.0990391074034211,20260912T070018Z,karachi_pk,True
ridge,aqi_mean,2,16.23895176827844,12.243745448980592,0.1819795726442279,-0.4675230129883914,0.71,0.9966666666666668,4.355309806769196,5,300,0.1732355973972756,20260912T070018Z,karachi_pk,True
elastic_net,aqi_mean,2,15.11291527278904,11.838672359269315,0.2846275011688724,1.3577895531262407,0.7566666666666666,0.9966666666666668,4.028436613789396,5,300,0.2305648452321472,20260912T070018Z,karachi_pk,True
random_forest,aqi_mean,2,15.439056796557551,12.167303572236053,0.2497382163377842,1.3468342932004715,0.7533333333333333,0.9966666666666668,3.603790662680874,5,300,0.2139601895924191,20260912T070018Z,karachi_pk,True
extra_trees,aqi_mean,2,15.288002350350638,12.076964109330673,0.2618817115024314,0.5366435802927094,0.7566666666666666,1.0,3.5976790813150896,5,300,0.2216507376500037,20260912T070018Z,karachi_pk,True
hist_gradient_boosting,aqi_mean,2,15.860931480499897,12.364693140493674,0.2012875312100334,-0.1615757275444101,0.7466666666666666,0.9933333333333334,3.411482698473642,5,300,0.1924815266824066,20260912T070018Z,karachi_pk,True
persistence,aqi_mean,3,22.295472449129445,17.00214175307106,-0.5830734020997068,0.0158106252640472,0.66,0.9866666666666668,4.746198803763285,5,300,0.0,20260912T070018Z,karachi_pk,True
seasonal_naive,aqi_mean,3,25.0694068971054,19.7020928464418,-1.0204640242670018,0.2423403041825093,0.6166666666666667,0.9833333333333332,4.090696216432718,5,300,-0.1244169395515217,20260912T070018Z,karachi_pk,True
climatology,aqi_mean,3,19.907208248531376,16.11750988289857,-0.2584770661289105,3.265255541558664,0.6833333333333333,0.9933333333333334,4.103656844783091,5,300,0.1071187975965641,20260912T070018Z,karachi_pk,True
drifted_persistence,aqi_mean,3,25.58539219246571,19.79030587442282,-1.0809980794983702,-0.066271616988051,0.6233333333333333,0.9833333333333332,5.221672177037855,5,300,-0.147559992318742,20260912T070018Z,karachi_pk,True
ridge,aqi_mean,3,17.255140057515142,13.524173953137064,0.0717790968543454,-0.0753467162794041,0.7166666666666666,1.0,4.318416368542091,5,300,0.2260697728256083,20260912T070018Z,karachi_pk,True
elastic_net,aqi_mean,3,16.32915509110312,12.904139972364664,0.1603740130658148,2.27103150818992,0.7433333333333334,1.0,3.994122777162031,5,300,0.2676021946446479,20260912T070018Z,karachi_pk,True
random_forest,aqi_mean,3,16.418901642060433,13.108944937867074,0.1475263234558786,2.189695930569345,0.7533333333333333,0.9966666666666668,3.289556508137098,5,300,0.2635768683743892,20260912T070018Z,karachi_pk,True
extra_trees,aqi_mean,3,16.52482812053284,13.043171619399685,0.1369639538348619,0.7170776496014312,0.7333333333333334,1.0,3.336662841535261,5,300,0.2588258374772376,20260912T070018Z,karachi_pk,True
hist_gradient_boosting,aqi_mean,3,16.184273078265146,12.36388694991515,0.1806804654653445,0.4583607541491409,0.75,0.9933333333333334,3.534700145904909,5,300,0.2741004652315819,20260912T070018Z,karachi_pk,True
persistence,aqi_max,1,17.47830027926306,12.679164322743006,0.3083488207555666,0.0074524714828897,0.7533333333333333,0.9866666666666668,4.454194625351965,5,300,0.0,20260912T070018Z,karachi_pk,True
seasonal_naive,aqi_max,1,28.800338752098146,23.344018677274903,-0.8858425025210478,0.4579847908745244,0.57,0.97,3.293713316710895,5,300,-0.647776859988382,20260912T070018Z,karachi_pk,True
climatology,aqi_max,1,24.75619592890568,20.012460582299184,-0.3446659609957219,6.6774994894722255,0.64,0.9866666666666668,5.470946052419986,5,300,-0.4163960758974598,20260912T070018Z,karachi_pk,True
drifted_persistence,aqi_max,1,18.14122547185297,13.424686248365328,0.2556729280218978,-0.0199082759344759,0.7433333333333333,0.9866666666666668,4.540157063938627,5,300,-0.0379284702744482,20260912T070018Z,karachi_pk,True
ridge,aqi_max,1,15.589774227645025,11.839272093050877,0.4739122076387159,-1.8107435546477133,0.7833333333333333,0.9966666666666668,2.607702263684476,5,300,0.1080497543493206,20260912T070018Z,karachi_pk,True
elastic_net,aqi_max,1,13.78616518384835,10.711830425322514,0.5842705367285637,0.9554093271839316,0.79,0.9966666666666668,2.728861471783528,5,300,0.2112410838824644,20260912T070018Z,karachi_pk,True
random_forest,aqi_max,1,15.175688262613733,11.423474396301938,0.4886550484875298,2.278125929472828,0.7666666666666666,0.9933333333333334,1.7541351435413537,5,300,0.1317411864917572,20260912T070018Z,karachi_pk,True
extra_trees,aqi_max,1,13.950586159569877,10.891548151449062,0.5861002271547172,1.26648544358339,0.7866666666666666,0.9966666666666668,3.170572811960102,5,300,0.2018339348408266,20260912T070018Z,karachi_pk,True
hist_gradient_boosting,aqi_max,1,14.821083932490025,11.090743204692856,0.5311340924034738,0.815686011702506,0.7966666666666667,0.9966666666666668,2.31448727989547,5,300,0.1520294481910041,20260912T070018Z,karachi_pk,True
persistence,aqi_max,2,23.19367496139077,18.177755480080087,-0.1914121595887015,0.0093155893536122,0.6666666666666666,0.9733333333333334,5.759871047391966,5,300,0.0,20260912T070018Z,karachi_pk,True
seasonal_naive,aqi_max,2,28.770819588561825,23.337808284372493,-0.8691478975567296,0.4319011406844105,0.57,0.97,3.535449467310924,5,300,-0.2404597217325423,20260912T070018Z,karachi_pk,True
climatology,aqi_max,2,24.72142234642696,19.98070404416463,-0.3313184317527278,6.779774233729624,0.64,0.9866666666666668,5.516089987034753,5,300,-0.0658691383568732,20260912T070018Z,karachi_pk,True
drifted_persistence,aqi_max,2,25.07305501276667,19.77690497839712,-0.3908229839690333,-0.0454059054811202,0.6466666666666667,0.9566666666666668,5.819610157577291,5,300,-0.0810298520827081,20260912T070018Z,karachi_pk,True
ridge,aqi_max,2,21.17819197448322,16.442562737541426,-0.0013918296415448,-2.170301481621121,0.7133333333333334,0.98,3.895888388850508,5,300,0.0868979577519565,20260912T070018Z,karachi_pk,True
elastic_net,aqi_max,2,18.46467653920168,14.695985904175634,0.2543416504694439,2.12220261000025,0.7133333333333334,0.9933333333333334,3.4581115525893025,5,300,0.203891726087444,20260912T070018Z,karachi_pk,True
random_forest,aqi_max,2,18.498376741754168,14.818761784555369,0.270309336620318,1.5563244613101312,0.6866666666666666,0.9966666666666668,3.5260699683499506,5,300,0.2024387350194655,20260912T070018Z,karachi_pk,True
extra_trees,aqi_max,2,18.458255549507623,14.74344945980512,0.2776139041270192,0.7274997899128327,0.7100000000000001,0.9966666666666668,3.793942099549704,5,300,0.2041685683603797,20260912T070018Z,karachi_pk,True
hist_gradient_boosting,aqi_max,2,18.842673539851884,15.003873961562707,0.2369625041271955,1.4033093965171144,0.6866666666666666,0.9933333333333334,3.027834361533784,5,300,0.1875943087407129,20260912T070018Z,karachi_pk,True
persistence,aqi_max,3,26.086842964497983,20.32099004517699,-0.5155611557093238,0.016147021546261,0.5866666666666667,0.9733333333333334,4.430594771913445,5,300,0.0,20260912T070018Z,karachi_pk,True
seasonal_naive,aqi_max,3,28.659162030771864,23.223087118339546,-0.8395600857322881,0.3171799746514577,0.5733333333333333,0.97,3.823823761540351,5,300,-0.0986059934417742,20260912T070018Z,karachi_pk,True
climatology,aqi_max,3,24.74286259188488,19.993529942783614,-0.3490360124094968,6.855920276670953,0.64,0.9866666666666668,5.381137064080724,5,300,0.0515194718825174,20260912T070018Z,karachi_pk,True
drifted_persistence,aqi_max,3,29.266245600635795,22.95823308791119,-0.9084550420461174,-0.0659352207058371,0.5733333333333334,0.9533333333333334,4.526999548365956,5,300,-0.1218776315886407,20260912T070018Z,karachi_pk,True
ridge,aqi_max,3,21.766672687026727,17.4076732666334,-0.0547979315088386,-1.4133364494629608,0.7066666666666667,0.9933333333333334,4.094608050425809,5,300,0.1656072481959831,20260912T070018Z,karachi_pk,True
elastic_net,aqi_max,3,19.468844116938097,15.849931302122396,0.1624060143720571,3.251992759598828,0.71,0.9933333333333334,3.3839935908543253,5,300,0.2536910601473099,20260912T070018Z,karachi_pk,True
random_forest,aqi_max,3,19.16267461815055,15.543033369045366,0.210814471875306,2.196734146124531,0.6833333333333333,0.9933333333333334,3.02399743251194,5,300,0.265427608690352,20260912T070018Z,karachi_pk,True
extra_trees,aqi_max,3,19.59110489894003,15.919779730026663,0.1776032177984458,1.0743052842579366,0.7166666666666667,0.9966666666666668,3.1988271306932887,5,300,0.2490043764359722,20260912T070018Z,karachi_pk,True
hist_gradient_boosting,aqi_max,3,19.31561267569976,15.23623683062716,0.1849483079352586,1.0404332176128963,0.7100000000000001,0.9933333333333334,2.8913523982716707,5,300,0.259564957630684,20260912T070018Z,karachi_pk,True
persistence,aqi_mean,1,14.238348836653838,10.650083142701096,0.3617496419276902,-0.0024582805238698,0.7699999999999999,0.9966666666666668,4.610855610044886,5,300,0.0,20260913T071652Z,karachi_pk,True
seasonal_naive,aqi_mean,1,25.08469153364775,19.72298298515465,-1.0344671901551223,0.2750819426841289,0.6166666666666667,0.9833333333333332,4.021492456850954,5,300,-0.7617696982582789,20260913T071652Z,karachi_pk,True
climatology,aqi_mean,1,19.91102768577488,16.12176653342313,-0.2574557297615475,3.0932302648532466,0.68,0.9933333333333334,4.126486534412254,5,300,-0.3984084751820265,20260913T071652Z,karachi_pk,True
drifted_persistence,aqi_mean,1,14.962963903797652,11.329094321461277,0.2955963836331947,-0.0277929821881225,0.7666666666666666,0.9966666666666668,4.738644438930566,5,300,-0.0508917905760557,20260913T071652Z,karachi_pk,True
ridge,aqi_mean,1,9.455236882766012,7.295611524483768,0.7237516041471816,-0.3444155670517496,0.86,1.0,2.909398836832461,5,300,0.3359316454991354,20260913T071652Z,karachi_pk,True
elastic_net,aqi_mean,1,9.43423615906774,7.334278475734775,0.7207560986393402,0.3764424323663525,0.8733333333333333,1.0,3.2595227852142243,5,300,0.3374065864448307,20260913T071652Z,karachi_pk,True
random_forest,aqi_mean,1,9.275972954175472,6.904207531056042,0.7249803768500849,0.843072921988876,0.86,1.0,3.166580716283056,5,300,0.3485218643965023,20260913T071652Z,karachi_pk,True
extra_trees,aqi_mean,1,9.132622645696491,6.907667175470991,0.7338614475947637,0.5008695115805883,0.8566666666666667,1.0,2.88272481287287,5,300,0.3585897669407885,20260913T071652Z,karachi_pk,True
hist_gradient_boosting,aqi_mean,1,9.480957339705927,7.043992739490326,0.7163923997747731,0.474289827761952,0.8533333333333333,1.0,3.3660791351553083,5,300,0.3341252241763411,20260913T071652Z,karachi_pk,True
persistence,aqi_mean,2,19.63891028854661,15.034045422494309,-0.2228980924859018,0.0134558512885509,0.6799999999999999,0.9866666666666668,5.056586575993266,5,300,0.0,20260913T071652Z,karachi_pk,True
seasonal_naive,aqi_mean,2,25.0694068971054,19.7020928464418,-1.0204640242670018,0.2423403041825093,0.6166666666666667,0.9833333333333332,4.090696216432718,5,300,-0.2765172063404071,20260913T071652Z,karachi_pk,True
climatology,aqi_mean,2,19.90789808908066,16.124046374972814,-0.2585587863000137,3.20497105717383,0.6833333333333333,0.9933333333333334,4.104178078967592,5,300,-0.0136966764745047,20260913T071652Z,karachi_pk,True
drifted_persistence,aqi_mean,2,21.585245593412058,16.69614999328863,-0.4741322604477265,-0.037213552039954,0.6533333333333332,0.9866666666666668,5.379003044618369,5,300,-0.0991060744343101,20260913T071652Z,karachi_pk,True
ridge,aqi_mean,2,16.208955974690575,12.238090464001456,0.1853827309325647,-0.4005321630329517,0.71,0.9966666666666668,4.352530015788491,5,300,0.1746509487268438,20260913T071652Z,karachi_pk,True
elastic_net,aqi_mean,2,15.080675910187423,11.840036073323606,0.2874796227971775,1.3917790446049316,0.7566666666666666,0.9966666666666668,4.106023137784274,5,300,0.2321022048263822,20260913T071652Z,karachi_pk,True
random_forest,aqi_mean,2,15.508374694064877,12.247296134286724,0.2439603312499007,1.3756670131170197,0.7499999999999999,0.9966666666666668,3.760609132632173,5,300,0.210324072659503,20260913T071652Z,karachi_pk,True
extra_trees,aqi_mean,2,15.26329030914125,12.019632911402486,0.2636617026703214,0.5407199108886944,0.7566666666666666,0.9966666666666668,3.812592621046114,5,300,0.2228036034136384,20260913T071652Z,karachi_pk,True
hist_gradient_boosting,aqi_mean,2,15.308702752481716,12.157258166045269,0.2652161258818208,0.031071475378298,0.7533333333333334,0.9966666666666668,3.6723666732983538,5,300,0.2204912325807746,20260913T071652Z,karachi_pk,True
persistence,aqi_mean,3,22.285593107910096,16.997742724765196,-0.587092742173102,0.0275586185044359,0.66,0.9866666666666668,4.790754712669382,5,300,0.0,20260913T071652Z,karachi_pk,True
seasonal_naive,aqi_mean,3,25.062540080116573,19.733636467058613,-1.027187713841664,0.1892673215040136,0.6166666666666667,0.9833333333333332,4.192884049136972,5,300,-0.1246072724544549,20260913T071652Z,karachi_pk,True
climatology,aqi_mean,3,19.88240543139204,16.08883154420626,-0.2582549260510995,3.3114077680687544,0.6833333333333333,0.9933333333333334,4.15857068420033,5,300,0.1078359308133048,20260913T071652Z,karachi_pk,True
drifted_persistence,aqi_mean,3,25.577252239341583,19.78989841734937,-1.087878527223246,-0.0484454864883227,0.6233333333333333,0.9833333333333332,5.261192149783482,5,300,-0.1477034564659236,20260913T071652Z,karachi_pk,True
ridge,aqi_mean,3,17.277241435455878,13.523073676797624,0.0674167358713156,-0.0185819818250397,0.72,1.0,4.290490520443274,5,300,0.2247349508807348,20260913T071652Z,karachi_pk,True
elastic_net,aqi_mean,3,16.33685543558067,12.912794762474338,0.157823648121367,2.303304107785753,0.7433333333333334,1.0,3.988145197120305,5,300,0.2669319880123795,20260913T071652Z,karachi_pk,True
random_forest,aqi_mean,3,16.371673139693726,13.058991434708217,0.1497407882823484,2.1777187275604737,0.7433333333333334,0.9966666666666668,3.2710532739392764,5,300,0.2653696466403342,20260913T071652Z,karachi_pk,True
extra_trees,aqi_mean,3,16.4756298300955,13.00753940973794,0.1399238529221671,1.0120076854766178,0.7233333333333334,1.0,3.289159308942695,5,300,0.2607048979886649,20260913T071652Z,karachi_pk,True
hist_gradient_boosting,aqi_mean,3,16.48742799332951,13.068004254191823,0.1401134799632569,0.5377565634784164,0.7333333333333333,1.0,3.494455136787944,5,300,0.2601754903495286,20260913T071652Z,karachi_pk,True
persistence,aqi_max,1,17.41180061210702,12.683511597774688,0.3244680421613354,0.0018631178707224,0.7533333333333333,0.9866666666666668,4.708218282328434,5,300,0.0,20260913T071652Z,karachi_pk,True
seasonal_naive,aqi_max,1,28.770819588561825,23.337808284372493,-0.8691478975567296,0.4319011406844105,0.57,0.97,3.535449467310924,5,300,-0.652374744548619,20260913T071652Z,karachi_pk,True
climatology,aqi_max,1,24.739300898023,20.00246053116697,-0.3335150006544177,6.706765247859861,0.64,0.9866666666666668,5.515075663612402,5,300,-0.4208352972305988,20260913T071652Z,karachi_pk,True
drifted_persistence,aqi_max,1,18.082689462149865,13.42770299965287,0.271227234456492,-0.02347158379353,0.7433333333333333,0.9866666666666668,4.768296811793952,5,300,-0.0385306990924507,20260913T071652Z,karachi_pk,True
ridge,aqi_max,1,15.57108847200173,11.81639410395908,0.4796057723635512,-1.748602863190572,0.7766666666666666,0.9933333333333334,2.6715173309434124,5,300,0.1057163576078041,20260913T071652Z,karachi_pk,True
elastic_net,aqi_max,1,13.768277673733005,10.719177647876734,0.5895841975811491,0.9846042119363538,0.79,0.9966666666666668,2.852910074498282,5,300,0.2092559534503598,20260913T071652Z,karachi_pk,True
random_forest,aqi_max,1,15.07106287360269,11.35578141960563,0.4969726178517571,2.3090991052440395,0.7566666666666666,0.9966666666666668,1.822505323705891,5,300,0.1344339847813749,20260913T071652Z,karachi_pk,True
extra_trees,aqi_max,1,13.947040946251954,10.917207685279092,0.5905867433120783,1.3427062936890723,0.7866666666666666,0.9966666666666668,3.136002451617555,5,300,0.1989891650519991,20260913T071652Z,karachi_pk,True
hist_gradient_boosting,aqi_max,1,14.442882448270549,10.991124900180468,0.5588815286345419,1.2734797506394766,0.7933333333333333,1.0,2.5497880800976365,5,300,0.1705118402155421,20260913T071652Z,karachi_pk,True
persistence,aqi_max,2,23.27327080635137,18.17713444078985,-0.207081327827791,0.0086945500633715,0.6666666666666667,0.9733333333333332,5.428714707541906,5,300,0.0,20260913T071652Z,karachi_pk,True
seasonal_naive,aqi_max,2,28.659162030771864,23.223087118339546,-0.8395600857322881,0.3171799746514577,0.5733333333333333,0.97,3.823823761540351,5,300,-0.2314196087535174,20260913T071652Z,karachi_pk,True
climatology,aqi_max,2,24.74245856239199,19.99722627182621,-0.3489867612898125,6.813454731385048,0.64,0.9866666666666668,5.381137143116621,5,300,-0.0631276870477386,20260913T071652Z,karachi_pk,True
drifted_persistence,aqi_max,2,25.14882065525865,19.780336030613103,-0.4086103174704399,-0.0419748532651347,0.6466666666666667,0.9566666666666668,5.486524014226609,5,300,-0.0805881504371717,20260913T071652Z,karachi_pk,True
ridge,aqi_max,2,21.10674361666725,16.376340630937207,0.0047834686690014,-2.080746650818391,0.7133333333333334,0.98,3.9938921223794224,5,300,0.0930907910499998,20260913T071652Z,karachi_pk,True
elastic_net,aqi_max,2,18.45492793402511,14.700943548516074,0.2498924302542349,2.1697579653792776,0.7133333333333333,0.9933333333333334,3.418482911984752,5,300,0.2070333350399253,20260913T071652Z,karachi_pk,True
random_forest,aqi_max,2,18.523282710362707,14.859503462320626,0.2634520985469152,1.69032624227544,0.69,0.9966666666666668,3.3528385839301533,5,300,0.2040962843388721,20260913T071652Z,karachi_pk,True
extra_trees,aqi_max,2,18.50718832712315,14.821300710438145,0.2662088405726701,0.9559587545118636,0.7100000000000001,0.9966666666666668,3.581497147162989,5,300,0.2047878237178221,20260913T071652Z,karachi_pk,True
hist_gradient_boosting,aqi_max,2,19.031984100425905,15.07477940536324,0.2114613761493766,1.5196378559088566,0.7066666666666667,0.9933333333333334,3.0252048038722337,5,300,0.1822385319715354,20260913T071652Z,karachi_pk,True
persistence,aqi_max,3,26.0399855176516,20.3135375736941,-0.5025818782065342,0.023599493029151,0.5866666666666667,0.9733333333333334,4.695794330600354,5,300,0.0,20260913T071652Z,karachi_pk,True
seasonal_naive,aqi_max,3,28.685387891683185,23.26780194723688,-0.8410782623938236,0.2550760456273763,0.5733333333333335,0.97,3.735078036277273,5,300,-0.1015900094198731,20260913T071652Z,karachi_pk,True
climatology,aqi_max,3,24.692410132928234,19.98959157017972,-0.3395094770555303,6.909642571316342,0.64,0.9866666666666668,5.555660886440714,5,300,0.0517502355679072,20260913T071652Z,karachi_pk,True
drifted_persistence,aqi_max,3,29.23737186647925,22.952288030499755,-0.9007970219752208,-0.0524046119636075,0.5733333333333334,0.9533333333333334,4.707314599122513,5,300,-0.1227875624838676,20260913T071652Z,karachi_pk,True
ridge,aqi_max,3,21.75213532650685,17.332406915350393,-0.041986803865656,-1.3427498484853804,0.7033333333333334,0.9933333333333334,3.996260864146875,5,300,0.1646640774142584,20260913T071652Z,karachi_pk,True
elastic_net,aqi_max,3,19.4351996928688,15.842218222800742,0.1689542601982132,3.289569748333625,0.71,0.9933333333333334,3.526084511875903,5,300,0.2536401496961528,20260913T071652Z,karachi_pk,True
random_forest,aqi_max,3,19.10160008889532,15.49941146049971,0.2152471021512731,2.1703408615421944,0.6933333333333334,0.9933333333333334,3.1899247926320964,5,300,0.2664512015205612,20260913T071652Z,karachi_pk,True
extra_trees,aqi_max,3,19.42424957460032,15.697498428192478,0.1888083173416515,1.3683789012565055,0.7166666666666667,0.9966666666666668,3.329938577513436,5,300,0.2540606613842663,20260913T071652Z,karachi_pk,True
hist_gradient_boosting,aqi_max,3,19.086190705949143,15.163363587413494,0.2073310654405418,1.2226720699584073,0.7066666666666667,0.9933333333333334,3.0262091501766992,5,300,0.2670429600273286,20260913T071652Z,karachi_pk,True
persistence,aqi_mean,1,14.238348836653838,10.650083142701096,0.3617496419276902,-0.0024582805238698,0.7699999999999999,0.9966666666666668,4.610855610044886,5,300,0.0,20260913T082651Z,karachi_pk,False
seasonal_naive,aqi_mean,1,25.08469153364775,19.72298298515465,-1.0344671901551223,0.2750819426841289,0.6166666666666667,0.9833333333333332,4.021492456850954,5,300,-0.7617696982582789,20260913T082651Z,karachi_pk,False
climatology,aqi_mean,1,19.91102768577488,16.12176653342313,-0.2574557297615475,3.0932302648532466,0.68,0.9933333333333334,4.126486534412254,5,300,-0.3984084751820265,20260913T082651Z,karachi_pk,False
drifted_persistence,aqi_mean,1,14.962963903797652,11.329094321461277,0.2955963836331947,-0.0277929821881225,0.7666666666666666,0.9966666666666668,4.738644438930566,5,300,-0.0508917905760557,20260913T082651Z,karachi_pk,False
ridge,aqi_mean,1,9.455236882766012,7.295611524483768,0.7237516041471816,-0.3444155670517496,0.86,1.0,2.909398836832461,5,300,0.3359316454991354,20260913T082651Z,karachi_pk,False
ridge#0,aqi_mean,1,9.81630958239952,7.500545768417865,0.7013197858819814,-0.3671283136474035,0.8633333333333333,1.0,2.8785454173154497,5,300,0.3105724761336542,20260913T082651Z,karachi_pk,False
ridge#1,aqi_mean,1,9.455236882766012,7.295611524483768,0.7237516041471816,-0.3444155670517496,0.86,1.0,2.909398836832461,5,300,0.3359316454991354,20260913T082651Z,karachi_pk,False
ridge#2,aqi_mean,1,9.192662141541248,7.145213134483987,0.7391260276710225,-0.113906707628618,0.8633333333333333,1.0,3.0165149021911977,5,300,0.35437302126799,20260913T082651Z,karachi_pk,False
ridge#3,aqi_mean,1,9.230035389660936,7.195468462167372,0.7357604058868251,0.2316042556495118,0.8666666666666666,1.0,3.164746933560939,5,300,0.3517481910613104,20260913T082651Z,karachi_pk,False
elastic_net,aqi_mean,1,9.43423615906774,7.334278475734775,0.7207560986393402,0.3764424323663525,0.8733333333333333,1.0,3.2595227852142243,5,300,0.3374065864448307,20260913T082651Z,karachi_pk,False
random_forest,aqi_mean,1,9.275972954175472,6.904207531056042,0.7249803768500849,0.8430729219888751,0.86,1.0,3.1665807162830544,5,300,0.3485218643965023,20260913T082651Z,karachi_pk,False
random_forest#0,aqi_mean,1,9.282676584009808,6.897593748167095,0.7232517933419431,0.8455589710793807,0.8533333333333333,1.0,3.190917612273992,5,300,0.348051049282247,20260913T082651Z,karachi_pk,False
random_forest#1,aqi_mean,1,9.275972954175472,6.904207531056042,0.7249803768500849,0.8430729219888766,0.86,1.0,3.166580716283056,5,300,0.3485218643965023,20260913T082651Z,karachi_pk,False
random_forest#2,aqi_mean,1,9.316947234884209,6.904117533802991,0.7219317314695263,0.7878563877806413,0.86,1.0,3.137523274066209,5,300,0.3456441233621449,20260913T082651Z,karachi_pk,False
extra_trees,aqi_mean,1,9.13262264569649,6.907667175470988,0.7338614475947638,0.5008695115805872,0.8566666666666667,1.0,2.882724812872872,5,300,0.3585897669407886,20260913T082651Z,karachi_pk,False
hist_gradient_boosting,aqi_mean,1,9.480957339705927,7.043992739490326,0.7163923997747731,0.474289827761952,0.8533333333333333,1.0,3.3660791351553083,5,300,0.3341252241763411,20260913T082651Z,karachi_pk,False
hist_gradient_boosting#0,aqi_mean,1,9.167214975003496,6.878290700870126,0.7332619891224796,0.2968285726903822,0.8566666666666667,1.0,3.109429495853888,5,300,0.3561602486234712,20260913T082651Z,karachi_pk,False
hist_gradient_boosting#1,aqi_mean,1,9.480957339705927,7.043992739490326,0.7163923997747731,0.474289827761952,0.8533333333333333,1.0,3.3660791351553083,5,300,0.3341252241763411,20260913T082651Z,karachi_pk,False
hist_gradient_boosting#2,aqi_mean,1,9.292497531443768,6.947218006762407,0.7239740363038237,0.2980518595063914,0.85,1.0,3.4120157455035742,5,300,0.3473612960287885,20260913T082651Z,karachi_pk,False
sarimax,aqi_mean,1,14.238348836653838,10.650083142701096,0.3617496419276902,-0.0024582805238698,0.7699999999999999,0.9966666666666668,4.610855610044886,5,300,0.0,20260913T082651Z,karachi_pk,False
mlp,aqi_mean,1,10.092475676699172,7.774334236925574,0.6827138957278513,0.8728156290791571,0.8633333333333333,1.0,2.863550182145561,5,300,0.2911765407293525,20260913T082651Z,karachi_pk,False
lstm,aqi_mean,1,9.85440841698651,7.705533167826968,0.6971493235792259,0.4471446492614485,0.8333333333333334,1.0,3.258304230875751,5,300,0.3078966859121848,20260913T082651Z,karachi_pk,False
persistence,aqi_mean,2,19.63891028854661,15.034045422494309,-0.2228980924859018,0.0134558512885509,0.6799999999999999,0.9866666666666668,5.056586575993266,5,300,0.0,20260913T082651Z,karachi_pk,False
seasonal_naive,aqi_mean,2,25.0694068971054,19.7020928464418,-1.0204640242670018,0.2423403041825093,0.6166666666666667,0.9833333333333332,4.090696216432718,5,300,-0.2765172063404071,20260913T082651Z,karachi_pk,False
climatology,aqi_mean,2,19.90789808908066,16.124046374972814,-0.2585587863000137,3.20497105717383,0.6833333333333333,0.9933333333333334,4.104178078967592,5,300,-0.0136966764745047,20260913T082651Z,karachi_pk,False
drifted_persistence,aqi_mean,2,21.585245593412058,16.69614999328863,-0.4741322604477265,-0.037213552039954,0.6533333333333332,0.9866666666666668,5.379003044618369,5,300,-0.0991060744343101,20260913T082651Z,karachi_pk,False
ridge,aqi_mean,2,16.208955974690575,12.238090464001456,0.1853827309325647,-0.4005321630329517,0.71,0.9966666666666668,4.352530015788491,5,300,0.1746509487268438,20260913T082651Z,karachi_pk,False
ridge#0,aqi_mean,2,16.83984981123992,12.622158733511643,0.1169255382789802,-0.5196937359757432,0.7266666666666667,0.9966666666666668,4.5220625190983,5,300,0.1425262622101342,20260913T082651Z,karachi_pk,False
ridge#1,aqi_mean,2,16.208955974690575,12.238090464001456,0.1853827309325647,-0.4005321630329517,0.71,0.9966666666666668,4.352530015788491,5,300,0.1746509487268438,20260913T082651Z,karachi_pk,False
ridge#2,aqi_mean,2,15.453205257140796,11.819474745080123,0.2605702162725222,0.1932736568902956,0.74,0.9966666666666668,4.211449926419315,5,300,0.2131332629920367,20260913T082651Z,karachi_pk,False
ridge#3,aqi_mean,2,14.988878915667907,11.596246621981702,0.3017613103340518,1.0460164699891497,0.7533333333333333,0.9966666666666668,4.131536668883405,5,300,0.2367764455643244,20260913T082651Z,karachi_pk,False
elastic_net,aqi_mean,2,15.080675910187423,11.840036073323606,0.2874796227971775,1.3917790446049316,0.7566666666666666,0.9966666666666668,4.106023137784274,5,300,0.2321022048263822,20260913T082651Z,karachi_pk,False
random_forest,aqi_mean,2,15.508374694064877,12.247296134286724,0.2439603312499005,1.375667013117021,0.7499999999999999,0.9966666666666668,3.760609132632175,5,300,0.210324072659503,20260913T082651Z,karachi_pk,False
random_forest#0,aqi_mean,2,15.390179596103332,12.168972993913062,0.2548169632739667,1.3780297907470491,0.7499999999999999,0.9933333333333334,3.7492949105471487,5,300,0.2163424869312192,20260913T082651Z,karachi_pk,False
random_forest#1,aqi_mean,2,15.508374694064877,12.247296134286724,0.2439603312499007,1.3756670131170197,0.7499999999999999,0.9966666666666668,3.760609132632173,5,300,0.210324072659503,20260913T082651Z,karachi_pk,False
random_forest#2,aqi_mean,2,15.408871663272226,12.194514723266996,0.2531202737671691,1.3430143725025658,0.7499999999999999,0.9933333333333334,3.711818292728246,5,300,0.2153906995410708,20260913T082651Z,karachi_pk,False
extra_trees,aqi_mean,2,15.26329030914125,12.019632911402486,0.2636617026703214,0.5407199108886933,0.7566666666666666,0.9966666666666668,3.812592621046115,5,300,0.2228036034136384,20260913T082651Z,karachi_pk,False
hist_gradient_boosting,aqi_mean,2,15.308702752481716,12.157258166045269,0.2652161258818208,0.031071475378298,0.7533333333333334,0.9966666666666668,3.6723666732983538,5,300,0.2204912325807746,20260913T082651Z,karachi_pk,False
hist_gradient_boosting#0,aqi_mean,2,15.313445660736798,12.141227952745218,0.2589526506921289,0.3010947746180018,0.75,0.9966666666666668,3.4707509020831835,5,300,0.2202497269073234,20260913T082651Z,karachi_pk,False
hist_gradient_boosting#1,aqi_mean,2,15.308702752481716,12.157258166045269,0.2652161258818208,0.031071475378298,0.7533333333333334,0.9966666666666668,3.6723666732983538,5,300,0.2204912325807746,20260913T082651Z,karachi_pk,False
hist_gradient_boosting#2,aqi_mean,2,15.9937543150937,12.591356148517482,0.2011818084091536,0.3484342794658284,0.7433333333333333,0.9933333333333334,3.915546557676389,5,300,0.1856088713628252,20260913T082651Z,karachi_pk,False
sarimax,aqi_mean,2,19.63891028854661,15.034045422494309,-0.2228980924859018,0.0134558512885509,0.6799999999999999,0.9866666666666668,5.056586575993266,5,300,0.0,20260913T082651Z,karachi_pk,False
mlp,aqi_mean,2,15.241081025992967,11.832185921285827,0.2789980648009117,1.2568041780058352,0.7466666666666666,0.9966666666666668,4.423144643813608,5,300,0.2239344850573738,20260913T082651Z,karachi_pk,False
lstm,aqi_mean,2,16.004036943018562,12.35506214208801,0.1967683607343466,0.0536873414579838,0.74,0.9966666666666668,3.6741516139944776,5,300,0.1850852869187913,20260913T082651Z,karachi_pk,False
persistence,aqi_mean,3,22.285593107910096,16.997742724765196,-0.587092742173102,0.0275586185044359,0.66,0.9866666666666668,4.790754712669382,5,300,0.0,20260913T082651Z,karachi_pk,False
seasonal_naive,aqi_mean,3,25.062540080116573,19.733636467058613,-1.027187713841664,0.1892673215040136,0.6166666666666667,0.9833333333333332,4.192884049136972,5,300,-0.1246072724544549,20260913T082651Z,karachi_pk,False
climatology,aqi_mean,3,19.88240543139204,16.08883154420626,-0.2582549260510995,3.3114077680687544,0.6833333333333333,0.9933333333333334,4.15857068420033,5,300,0.1078359308133048,20260913T082651Z,karachi_pk,False
drifted_persistence,aqi_mean,3,25.577252239341583,19.78989841734937,-1.087878527223246,-0.0484454864883227,0.6233333333333333,0.9833333333333332,5.261192149783482,5,300,-0.1477034564659236,20260913T082651Z,karachi_pk,False
ridge,aqi_mean,3,17.277241435455878,13.523073676797624,0.0674167358713156,-0.0185819818250397,0.72,1.0,4.290490520443274,5,300,0.2247349508807348,20260913T082651Z,karachi_pk,False
ridge#0,aqi_mean,3,17.83587092215272,14.097830134960992,0.0054909986682452,-0.1496672197453688,0.7166666666666667,0.9966666666666668,4.389032505526415,5,300,0.1996681068442366,20260913T082651Z,karachi_pk,False
ridge#1,aqi_mean,3,17.277241435455878,13.523073676797624,0.0674167358713156,-0.0185819818250397,0.72,1.0,4.290490520443274,5,300,0.2247349508807348,20260913T082651Z,karachi_pk,False
ridge#2,aqi_mean,3,16.562161106067506,12.900192530473843,0.1428452256720672,0.6167185132346203,0.7366666666666667,1.0,4.1513160200585215,5,300,0.2568220632104739,20260913T082651Z,karachi_pk,False
ridge#3,aqi_mean,3,16.052675685092847,12.47427088888676,0.1923614760137131,1.5544160658996158,0.7433333333333334,1.0,4.050551452867832,5,300,0.2796837128200515,20260913T082651Z,karachi_pk,False
elastic_net,aqi_mean,3,16.33685543558067,12.912794762474338,0.157823648121367,2.303304107785753,0.7433333333333334,1.0,3.988145197120305,5,300,0.2669319880123795,20260913T082651Z,karachi_pk,False
random_forest,aqi_mean,3,16.371673139693723,13.058991434708217,0.1497407882823484,2.1777187275604724,0.7433333333333334,0.9966666666666668,3.271053273939275,5,300,0.2653696466403343,20260913T082651Z,karachi_pk,False
random_forest#0,aqi_mean,3,16.30274250228019,13.012225510619649,0.1560390049076514,1.913302043680973,0.7333333333333334,0.9933333333333334,3.313513397554954,5,300,0.2684627048811342,20260913T082651Z,karachi_pk,False
random_forest#1,aqi_mean,3,16.371673139693723,13.058991434708217,0.1497407882823483,2.177718727560474,0.7433333333333334,0.9966666666666668,3.2710532739392746,5,300,0.2653696466403343,20260913T082651Z,karachi_pk,False
random_forest#2,aqi_mean,3,16.34146481043746,12.989494595600892,0.1505504225194416,2.1548062304273,0.75,0.9966666666666668,3.2274240610920137,5,300,0.2667251559646763,20260913T082651Z,karachi_pk,False
extra_trees,aqi_mean,3,16.4756298300955,13.00753940973794,0.139923852922167,1.012007685476619,0.7233333333333334,1.0,3.289159308942696,5,300,0.2607048979886649,20260913T082651Z,karachi_pk,False
hist_gradient_boosting,aqi_mean,3,16.48742799332951,13.068004254191823,0.1401134799632569,0.5377565634784164,0.7333333333333333,1.0,3.494455136787944,5,300,0.2601754903495286,20260913T082651Z,karachi_pk,False
hist_gradient_boosting#0,aqi_mean,3,16.27587981988165,12.958457701681198,0.1688957877829019,0.7458028559928818,0.7133333333333334,1.0,3.586916377121707,5,300,0.269668088209658,20260913T082651Z,karachi_pk,False
hist_gradient_boosting#1,aqi_mean,3,16.48742799332951,13.068004254191823,0.1401134799632569,0.5377565634784164,0.7333333333333333,1.0,3.494455136787944,5,300,0.2601754903495286,20260913T082651Z,karachi_pk,False
hist_gradient_boosting#2,aqi_mean,3,16.317537119886417,12.947988839472782,0.1544272204791045,0.4730038254657666,0.7266666666666667,1.0,3.2327627380289616,5,300,0.2677988402249597,20260913T082651Z,karachi_pk,False
sarimax,aqi_mean,3,22.285593107910096,16.997742724765196,-0.587092742173102,0.0275586185044359,0.66,0.9866666666666668,4.790754712669382,5,300,0.0,20260913T082651Z,karachi_pk,False
mlp,aqi_mean,3,16.244334507263822,12.572137467663609,0.1668698220421754,0.4235566085111084,0.7633333333333333,1.0,3.849889220350255,5,300,0.2710835907033578,20260913T082651Z,karachi_pk,False
lstm,aqi_mean,3,17.865623514118177,14.158188471671108,-0.0099899370466254,0.1553449894518637,0.71,0.9933333333333334,3.363628162442912,5,300,0.1983330473813185,20260913T082651Z,karachi_pk,False
persistence,aqi_max,1,17.41180061210702,12.683511597774688,0.3244680421613354,0.0018631178707224,0.7533333333333333,0.9866666666666668,4.708218282328434,5,300,0.0,20260913T082651Z,karachi_pk,False
seasonal_naive,aqi_max,1,28.770819588561825,23.337808284372493,-0.8691478975567296,0.4319011406844105,0.57,0.97,3.535449467310924,5,300,-0.652374744548619,20260913T082651Z,karachi_pk,False
climatology,aqi_max,1,24.739300898023,20.00246053116697,-0.3335150006544177,6.706765247859861,0.64,0.9866666666666668,5.515075663612402,5,300,-0.4208352972305988,20260913T082651Z,karachi_pk,False
drifted_persistence,aqi_max,1,18.082689462149865,13.42770299965287,0.271227234456492,-0.02347158379353,0.7433333333333333,0.9866666666666668,4.768296811793952,5,300,-0.0385306990924507,20260913T082651Z,karachi_pk,False
ridge,aqi_max,1,15.57108847200173,11.81639410395908,0.4796057723635512,-1.748602863190572,0.7766666666666666,0.9933333333333334,2.6715173309434124,5,300,0.1057163576078041,20260913T082651Z,karachi_pk,False
ridge#0,aqi_max,1,16.61914351169421,12.49829787910225,0.4020765638102576,-2.2294056967299563,0.7733333333333333,0.9933333333333334,2.721364102525317,5,300,0.04552413148251,20260913T082651Z,karachi_pk,False
ridge#1,aqi_max,1,15.57108847200173,11.81639410395908,0.4796057723635512,-1.748602863190572,0.7766666666666666,0.9933333333333334,2.6715173309434124,5,300,0.1057163576078041,20260913T082651Z,karachi_pk,False
ridge#2,aqi_max,1,14.515380396242046,11.05029003396874,0.5503564079042216,-0.8534790765867214,0.7766666666666666,0.9966666666666668,2.604865315513844,5,300,0.1663481153035368,20260913T082651Z,karachi_pk,False
ridge#3,aqi_max,1,13.8975996604577,10.631058504026884,0.5858857058490392,0.2153461553175431,0.8,0.9966666666666668,2.655871370297826,5,300,0.2018286925021284,20260913T082651Z,karachi_pk,False
elastic_net,aqi_max,1,13.768277673733005,10.719177647876734,0.5895841975811491,0.9846042119363538,0.79,0.9966666666666668,2.852910074498282,5,300,0.2092559534503598,20260913T082651Z,karachi_pk,False
random_forest,aqi_max,1,15.071062873602694,11.35578141960563,0.4969726178517571,2.3090991052440395,0.7566666666666666,0.9966666666666668,1.822505323705892,5,300,0.1344339847813747,20260913T082651Z,karachi_pk,False
random_forest#0,aqi_max,1,14.588436043578623,11.167035210676746,0.545562528307709,2.0804567306678563,0.78,1.0,2.1765882554190106,5,300,0.1621523604264806,20260913T082651Z,karachi_pk,False
random_forest#1,aqi_max,1,15.07106287360269,11.355781419605629,0.4969726178517571,2.3090991052440386,0.7566666666666666,0.9966666666666668,1.822505323705891,5,300,0.1344339847813749,20260913T082651Z,karachi_pk,False
random_forest#2,aqi_max,1,14.666433063457074,11.1485346782324,0.534507773026618,2.07215267327192,0.7733333333333333,0.9966666666666668,2.0158665362748662,5,300,0.1576728110900257,20260913T082651Z,karachi_pk,False
extra_trees,aqi_max,1,13.947040946251954,10.917207685279092,0.5905867433120783,1.3427062936890723,0.7866666666666666,0.9966666666666668,3.136002451617555,5,300,0.1989891650519991,20260913T082651Z,karachi_pk,False
hist_gradient_boosting,aqi_max,1,14.442882448270549,10.991124900180468,0.5588815286345419,1.2734797506394766,0.7933333333333333,1.0,2.5497880800976365,5,300,0.1705118402155421,20260913T082651Z,karachi_pk,False
hist_gradient_boosting#0,aqi_max,1,13.811177905280308,10.494404032174128,0.5939876693612083,1.2472471207595068,0.8,0.9966666666666668,2.768952225323772,5,300,0.2067920938816101,20260913T082651Z,karachi_pk,False
hist_gradient_boosting#1,aqi_max,1,14.442882448270549,10.991124900180468,0.5588815286345419,1.2734797506394766,0.7933333333333333,1.0,2.5497880800976365,5,300,0.1705118402155421,20260913T082651Z,karachi_pk,False
hist_gradient_boosting#2,aqi_max,1,14.276214034973606,10.851355826207946,0.569285647147591,1.1072065398703983,0.8033333333333333,0.9966666666666668,2.5297853439584466,5,300,0.1800839928613202,20260913T082651Z,karachi_pk,False
sarimax,aqi_max,1,17.41180061210702,12.683511597774688,0.3244680421613354,0.0018631178707224,0.7533333333333333,0.9866666666666668,4.708218282328434,5,300,0.0,20260913T082651Z,karachi_pk,False
mlp,aqi_max,1,14.320951739921853,10.914714923960052,0.547863865052862,-0.0880904628400852,0.7766666666666666,0.9966666666666668,1.8047518858352327,5,300,0.1775146029432471,20260913T082651Z,karachi_pk,False
lstm,aqi_max,1,14.563771583638172,10.93595578709234,0.5557025619768438,-0.4446319057111787,0.7866666666666667,0.9966666666666668,3.156475224848409,5,300,0.1635688974343363,20260913T082651Z,karachi_pk,False
persistence,aqi_max,2,23.27327080635137,18.17713444078985,-0.207081327827791,0.0086945500633715,0.6666666666666667,0.9733333333333332,5.428714707541906,5,300,0.0,20260913T082651Z,karachi_pk,False
seasonal_naive,aqi_max,2,28.659162030771864,23.223087118339546,-0.8395600857322881,0.3171799746514577,0.5733333333333333,0.97,3.823823761540351,5,300,-0.2314196087535174,20260913T082651Z,karachi_pk,False
climatology,aqi_max,2,24.74245856239199,19.99722627182621,-0.3489867612898125,6.813454731385048,0.64,0.9866666666666668,5.381137143116621,5,300,-0.0631276870477386,20260913T082651Z,karachi_pk,False
drifted_persistence,aqi_max,2,25.14882065525865,19.780336030613103,-0.4086103174704399,-0.0419748532651347,0.6466666666666667,0.9566666666666668,5.486524014226609,5,300,-0.0805881504371717,20260913T082651Z,karachi_pk,False
ridge,aqi_max,2,21.10674361666725,16.376340630937207,0.0047834686690014,-2.080746650818391,0.7133333333333334,0.98,3.9938921223794224,5,300,0.0930907910499998,20260913T082651Z,karachi_pk,False
ridge#0,aqi_max,2,22.197092444350098,17.154473398335625,-0.1137532953689348,-2.7264938108802936,0.6933333333333334,0.9766666666666668,4.310609933334227,5,300,0.0462409590364745,20260913T082651Z,karachi_pk,False
ridge#1,aqi_max,2,21.10674361666725,16.376340630937207,0.0047834686690014,-2.080746650818391,0.7133333333333334,0.98,3.9938921223794224,5,300,0.0930907910499998,20260913T082651Z,karachi_pk,False
ridge#2,aqi_max,2,19.695172315880875,15.46997337656382,0.1460573041291291,-0.6167721932101686,0.72,0.9866666666666668,3.62849895221592,5,300,0.1537428288547228,20260913T082651Z,karachi_pk,False
ridge#3,aqi_max,2,18.65131248305304,14.719285999469104,0.237103791879786,1.1736702289530865,0.74,0.99,3.423454803102392,5,300,0.1985951335227442,20260913T082651Z,karachi_pk,False
elastic_net,aqi_max,2,18.45492793402511,14.700943548516074,0.2498924302542349,2.1697579653792776,0.7133333333333333,0.9933333333333334,3.418482911984752,5,300,0.2070333350399253,20260913T082651Z,karachi_pk,False
random_forest,aqi_max,2,18.523282710362707,14.859503462320626,0.2634520985469152,1.6903262422754408,0.69,0.9966666666666668,3.352838583930152,5,300,0.2040962843388721,20260913T082651Z,karachi_pk,False
random_forest#0,aqi_max,2,18.56016248891662,14.926288139917858,0.2609347275322051,1.5037377600246906,0.7,0.9966666666666668,3.3157856211852232,5,300,0.2025116433633609,20260913T082651Z,karachi_pk,False
random_forest#1,aqi_max,2,18.523282710362707,14.859503462320626,0.2634520985469151,1.6903262422754397,0.69,0.9966666666666668,3.352838583930152,5,300,0.2040962843388721,20260913T082651Z,karachi_pk,False
random_forest#2,aqi_max,2,18.40012823244154,14.726633384387602,0.2766881425936068,1.4452470455273496,0.7033333333333333,0.9966666666666668,3.181023568274485,5,300,0.209387954725295,20260913T082651Z,karachi_pk,False
extra_trees,aqi_max,2,18.50718832712316,14.821300710438145,0.26620884057267,0.9559587545118636,0.7100000000000001,0.9966666666666668,3.58149714716299,5,300,0.204787823717822,20260913T082651Z,karachi_pk,False
hist_gradient_boosting,aqi_max,2,19.031984100425905,15.07477940536324,0.2114613761493766,1.5196378559088566,0.7066666666666667,0.9933333333333334,3.0252048038722337,5,300,0.1822385319715354,20260913T082651Z,karachi_pk,False
hist_gradient_boosting#0,aqi_max,2,18.737123643096727,14.881095441234882,0.2386882054920973,0.9724527635291672,0.7266666666666667,0.9966666666666668,3.1636566484483564,5,300,0.1949080213519756,20260913T082651Z,karachi_pk,False
hist_gradient_boosting#1,aqi_max,2,19.031984100425905,15.07477940536324,0.2114613761493766,1.5196378559088566,0.7066666666666667,0.9933333333333334,3.0252048038722337,5,300,0.1822385319715354,20260913T082651Z,karachi_pk,False
hist_gradient_boosting#2,aqi_max,2,18.65380291361433,14.568166246220231,0.2489978886041321,0.3793378890119202,0.7166666666666667,0.9966666666666668,3.0696836539578123,5,300,0.1984881253337354,20260913T082651Z,karachi_pk,False
sarimax,aqi_max,2,23.27327080635137,18.17713444078985,-0.207081327827791,0.0086945500633715,0.6666666666666667,0.9733333333333332,5.428714707541906,5,300,0.0,20260913T082651Z,karachi_pk,False
mlp,aqi_max,2,19.28699655660445,15.3461867835477,0.1966021047798546,1.6381304397708585,0.71,0.9933333333333334,3.7426939410005455,5,300,0.1712812214026681,20260913T082651Z,karachi_pk,False
lstm,aqi_max,2,20.401935645384427,16.289898069149903,0.119205991056288,-1.5900969721350664,0.7066666666666667,0.9933333333333334,3.423151454106824,5,300,0.1233748012841987,20260913T082651Z,karachi_pk,False
persistence,aqi_max,3,26.0399855176516,20.3135375736941,-0.5025818782065342,0.023599493029151,0.5866666666666667,0.9733333333333334,4.695794330600354,5,300,0.0,20260913T082651Z,karachi_pk,False
seasonal_naive,aqi_max,3,28.685387891683185,23.26780194723688,-0.8410782623938236,0.2550760456273763,0.5733333333333335,0.97,3.735078036277273,5,300,-0.1015900094198731,20260913T082651Z,karachi_pk,False
climatology,aqi_max,3,24.692410132928234,19.98959157017972,-0.3395094770555303,6.909642571316342,0.64,0.9866666666666668,5.555660886440714,5,300,0.0517502355679072,20260913T082651Z,karachi_pk,False
drifted_persistence,aqi_max,3,29.23737186647925,22.952288030499755,-0.9007970219752208,-0.0524046119636075,0.5733333333333334,0.9533333333333334,4.707314599122513,5,300,-0.1227875624838676,20260913T082651Z,karachi_pk,False
ridge,aqi_max,3,21.75213532650685,17.332406915350393,-0.041986803865656,-1.3427498484853804,0.7033333333333334,0.9933333333333334,3.996260864146875,5,300,0.1646640774142584,20260913T082651Z,karachi_pk,False
ridge#0,aqi_max,3,22.69689289292772,18.044218266788388,-0.1372785671921897,-1.6745783188183432,0.6833333333333333,0.99,4.208113387420839,5,300,0.1283830447009165,20260913T082651Z,karachi_pk,False
ridge#1,aqi_max,3,21.75213532650685,17.332406915350393,-0.041986803865656,-1.3427498484853804,0.7033333333333334,0.9933333333333334,3.996260864146875,5,300,0.1646640774142584,20260913T082651Z,karachi_pk,False
ridge#2,aqi_max,3,20.42611406277168,16.32710163650342,0.0835996503821414,0.0459523105183585,0.72,0.9933333333333334,3.674132998539661,5,300,0.2155865813010713,20260913T082651Z,karachi_pk,False
ridge#3,aqi_max,3,19.46445872368424,15.609792380384272,0.1701639172262661,2.0011064767856923,0.72,0.9966666666666668,3.4616383796897523,5,300,0.2525165303763337,20260913T082651Z,karachi_pk,False
elastic_net,aqi_max,3,19.4351996928688,15.842218222800742,0.1689542601982132,3.289569748333625,0.71,0.9933333333333334,3.526084511875903,5,300,0.2536401496961528,20260913T082651Z,karachi_pk,False
random_forest,aqi_max,3,19.10160008889532,15.49941146049971,0.2152471021512731,2.1703408615421944,0.6933333333333334,0.9933333333333334,3.1899247926320964,5,300,0.2664512015205612,20260913T082651Z,karachi_pk,False
random_forest#0,aqi_max,3,19.16561791686432,15.526645682835332,0.2111078063730618,2.1472222475308675,0.6766666666666666,0.9933333333333334,2.802759637925431,5,300,0.2639927582189852,20260913T082651Z,karachi_pk,False
random_forest#1,aqi_max,3,19.10160008889532,15.49941146049971,0.2152471021512731,2.170340861542194,0.6933333333333334,0.9933333333333334,3.189924792632096,5,300,0.2664512015205612,20260913T082651Z,karachi_pk,False
random_forest#2,aqi_max,3,19.11150698717653,15.478664193218505,0.2165119756559025,2.134854577206336,0.6799999999999999,0.9933333333333334,2.92894329822194,5,300,0.2660707520662213,20260913T082651Z,karachi_pk,False
extra_trees,aqi_max,3,19.42424957460032,15.697498428192478,0.1888083173416516,1.368378901256505,0.7166666666666667,0.9966666666666668,3.3299385775134365,5,300,0.2540606613842663,20260913T082651Z,karachi_pk,False
hist_gradient_boosting,aqi_max,3,19.086190705949143,15.163363587413494,0.2073310654405418,1.2226720699584073,0.7066666666666667,0.9933333333333334,3.0262091501766992,5,300,0.2670429600273286,20260913T082651Z,karachi_pk,False
hist_gradient_boosting#0,aqi_max,3,19.252800444866285,15.520318563459645,0.2005341753195463,1.871305593935249,0.6933333333333334,0.9933333333333334,2.900365097552826,5,300,0.2606447330081853,20260913T082651Z,karachi_pk,False
hist_gradient_boosting#1,aqi_max,3,19.086190705949143,15.163363587413494,0.2073310654405418,1.2226720699584073,0.7066666666666667,0.9933333333333334,3.0262091501766992,5,300,0.2670429600273286,20260913T082651Z,karachi_pk,False
hist_gradient_boosting#2,aqi_max,3,18.85433786144271,14.848778532519791,0.2304252223210133,0.502486173815565,0.72,0.9933333333333334,3.2484550541217625,5,300,0.2759466840462714,20260913T082651Z,karachi_pk,False
sarimax,aqi_max,3,26.0399855176516,20.3135375736941,-0.5025818782065342,0.023599493029151,0.5866666666666667,0.9733333333333334,4.695794330600354,5,300,0.0,20260913T082651Z,karachi_pk,False
mlp,aqi_max,3,20.07050830034697,16.02290844167595,0.1444953090339523,1.9692021969049325,0.7133333333333333,0.9933333333333334,4.201411670667569,5,300,0.2292427241658073,20260913T082651Z,karachi_pk,False
lstm,aqi_max,3,23.258104288793227,18.684250845777235,-0.1183028103824014,2.73088152836652,0.6366666666666667,0.99,4.5267707680747975,5,300,0.106831135792016,20260913T082651Z,karachi_pk,False
persistence,aqi_mean,1,14.21221161296288,10.668455555037388,0.3653691136481537,0.0159141318124208,0.7699999999999999,0.9966666666666668,4.7124294360301855,5,300,0.0,20260914T074226Z,karachi_pk,True
seasonal_naive,aqi_mean,1,25.0694068971054,19.7020928464418,-1.0204640242670018,0.2423403041825093,0.6166666666666667,0.9833333333333332,4.090696216432718,5,300,-0.7639342545561123,20260914T074226Z,karachi_pk,True
climatology,aqi_mean,1,19.923691542938325,16.138396011970293,-0.2604330676898622,3.144513092635693,0.6833333333333333,0.9933333333333334,4.116219835886726,5,300,-0.4018712981142243,20260914T074226Z,karachi_pk,True
drifted_persistence,aqi_mean,1,14.938877206568137,11.35363928589033,0.2991671557837505,-0.0032480177590671,0.7666666666666666,0.9966666666666668,4.843685665036285,5,300,-0.0511296632356972,20260914T074226Z,karachi_pk,True
ridge,aqi_mean,1,9.448892962096624,7.298086101934965,0.7255863217773684,-0.3416158458958755,0.86,1.0,2.9793767072000263,5,300,0.3351567497434149,20260914T074226Z,karachi_pk,True
elastic_net,aqi_mean,1,9.42548326092485,7.337960947731162,0.7216754079657426,0.3998790441338999,0.8733333333333333,1.0,3.2851221716691485,5,300,0.3368039037409267,20260914T074226Z,karachi_pk,True
random_forest,aqi_mean,1,9.325461757016978,6.919703650712994,0.7236444339084014,0.9023733466389334,0.8633333333333333,1.0,3.19286120008354,5,300,0.3438416193781357,20260914T074226Z,karachi_pk,True
extra_trees,aqi_mean,1,9.095894373022457,6.904619414751673,0.7365925568639105,0.589800607396364,0.86,1.0,2.9366099926793736,5,300,0.3599944455705866,20260914T074226Z,karachi_pk,True
hist_gradient_boosting,aqi_mean,1,9.471032328809876,6.993822635272117,0.7190396977374791,0.3296149896584245,0.8699999999999999,1.0,3.485699483900963,5,300,0.3335989790518319,20260914T074226Z,karachi_pk,True
persistence,aqi_mean,2,19.62181086642676,15.038651463896926,-0.2246080420996645,0.0300168990283058,0.6799999999999999,0.9866666666666668,5.124771966218819,5,300,0.0,20260914T074226Z,karachi_pk,True
seasonal_naive,aqi_mean,2,25.062540080116573,19.733636467058613,-1.027187713841664,0.1892673215040136,0.6166666666666667,0.9833333333333332,4.192884049136972,5,300,-0.2772796685650964,20260914T074226Z,karachi_pk,True
climatology,aqi_mean,2,19.882985172264192,16.095368036280508,-0.2583234047395283,3.251123283683921,0.6833333333333333,0.9933333333333334,4.15899756671495,5,300,-0.01331040787292,20260914T074226Z,karachi_pk,True
drifted_persistence,aqi_mean,2,21.56749747307921,16.704718756868203,-0.4772790279878755,-0.0083074001146699,0.6533333333333332,0.9866666666666668,5.456542937172106,5,300,-0.0991593803394346,20260914T074226Z,karachi_pk,True
ridge,aqi_mean,2,16.21271262017326,12.272489661036536,0.1830567437859397,-0.3757429991416626,0.71,0.9966666666666668,4.382678394282253,5,300,0.1737402459671303,20260914T074226Z,karachi_pk,True
elastic_net,aqi_mean,2,15.081757755440773,11.838838107508924,0.285776455204353,1.414235637867287,0.7566666666666666,0.9966666666666668,4.11393408636542,5,300,0.231377885654483,20260914T074226Z,karachi_pk,True
random_forest,aqi_mean,2,15.475119013026582,12.260574365930784,0.244402376907465,1.3603396695980576,0.7566666666666667,0.9966666666666668,3.741959981652396,5,300,0.2113307421842105,20260914T074226Z,karachi_pk,True
extra_trees,aqi_mean,2,15.227522792210204,12.069141688599004,0.264100345413133,0.7060809959647596,0.7499999999999999,0.9966666666666668,3.8223271696156695,5,300,0.2239491606625998,20260914T074226Z,karachi_pk,True
hist_gradient_boosting,aqi_mean,2,15.35409060281386,12.083907609211511,0.2599815954688765,0.3087093107819766,0.7433333333333333,0.9933333333333334,3.5409197044354377,5,300,0.2174987972651921,20260914T074226Z,karachi_pk,True
persistence,aqi_mean,3,22.27527948428604,16.970494625905875,-0.5960905513570351,0.0554795099281789,0.66,0.9866666666666668,4.814839293508453,5,300,0.0,20260914T074226Z,karachi_pk,True
seasonal_naive,aqi_mean,3,25.077751938899475,19.76354426173541,-1.044148608570108,0.1257604562737642,0.6166666666666667,0.9833333333333332,4.169814707363232,5,300,-0.1258108773266089,20260914T074226Z,karachi_pk,True
climatology,aqi_mean,3,19.855495182308523,16.043618253633458,-0.2621122523743027,3.3602214252421474,0.6833333333333333,0.9933333333333334,4.180279777097546,5,300,0.1086309289041485,20260914T074226Z,karachi_pk,True
drifted_persistence,aqi_mean,3,25.56192321985603,19.76859440175549,-1.0998081793916463,-0.0020069387862844,0.6233333333333334,0.9833333333333332,5.30728348505259,5,300,-0.1475466890500087,20260914T074226Z,karachi_pk,True
ridge,aqi_mean,3,17.29977830561354,13.522214635104287,0.0576302798646275,0.0057380387558876,0.72,1.0,4.236187823686364,5,300,0.2233642537316955,20260914T074226Z,karachi_pk,True
elastic_net,aqi_mean,3,16.371688767053,12.912619894066289,0.1491058974061531,2.30571128493064,0.74,1.0,3.878003150952302,5,300,0.265028805649675,20260914T074226Z,karachi_pk,True
random_forest,aqi_mean,3,16.439201349181666,13.101201263086908,0.1368898300088581,2.1327953989482684,0.7433333333333334,1.0,3.141951557374486,5,300,0.2619979757929143,20260914T074226Z,karachi_pk,True
extra_trees,aqi_mean,3,16.481363978039273,12.980852037886374,0.1351478292146729,0.6220835908246771,0.7133333333333335,1.0,3.3437929968286446,5,300,0.2601051766975156,20260914T074226Z,karachi_pk,True
hist_gradient_boosting,aqi_mean,3,16.096062668457993,12.501248928891057,0.1739888076008527,-0.0625278388731358,0.7333333333333334,0.9966666666666668,2.891435365662112,5,300,0.277402437091177,20260914T074226Z,karachi_pk,True
persistence,aqi_max,1,17.439020301478468,12.688479912096614,0.3165614563430502,0.0068314321926489,0.7533333333333332,0.9866666666666668,4.612800974215917,5,300,0.0,20260914T074226Z,karachi_pk,True
seasonal_naive,aqi_max,1,28.659162030771864,23.223087118339546,-0.8395600857322881,0.3171799746514577,0.5733333333333333,0.97,3.823823761540351,5,300,-0.6433928933692543,20260914T074226Z,karachi_pk,True
climatology,aqi_max,1,24.759836798823763,20.018982758828567,-0.3511087984393215,6.740445745515284,0.64,0.9866666666666668,5.381243378034258,5,300,-0.4197951703012033,20260914T074226Z,karachi_pk,True
drifted_persistence,aqi_max,1,18.105374220356605,13.43884386606756,0.2636008919913039,-0.0123307173788385,0.7433333333333333,0.9866666666666668,4.696296670496733,5,300,-0.0382105133980286,20260914T074226Z,karachi_pk,True
ridge,aqi_max,1,15.516126940948617,11.78159146154481,0.4796790566924638,-1.770278832665938,0.7833333333333333,0.9933333333333334,2.7547183192241222,5,300,0.1102638409318688,20260914T074226Z,karachi_pk,True
elastic_net,aqi_max,1,13.765479763900853,10.701989700820803,0.5861906079288339,0.9922605760941976,0.79,0.9966666666666668,2.7656457910419943,5,300,0.2106506256699625,20260914T074226Z,karachi_pk,True
random_forest,aqi_max,1,15.264761145187284,11.38258216787559,0.4804874013277352,2.2983563969562155,0.7666666666666667,0.9933333333333334,1.0924256752111556,5,300,0.1246778270053881,20260914T074226Z,karachi_pk,True
extra_trees,aqi_max,1,14.1527321158791,11.063863170806895,0.5744941643050417,1.360758582598529,0.7899999999999999,0.9966666666666668,2.860337372719268,5,300,0.1884445415388822,20260914T074226Z,karachi_pk,True
hist_gradient_boosting,aqi_max,1,13.836860560678003,10.34832669964435,0.588227777859438,1.264563985377609,0.7666666666666667,0.9966666666666668,2.277281659592782,5,300,0.2065574601398379,20260914T074226Z,karachi_pk,True
persistence,aqi_max,2,23.23306671342337,18.171545087177684,-0.2007895511931288,0.0217363751584285,0.6666666666666667,0.9733333333333332,5.596321995704555,5,300,0.0,20260914T074226Z,karachi_pk,True
seasonal_naive,aqi_max,2,28.685387891683185,23.26780194723688,-0.8410782623938236,0.2550760456273763,0.5733333333333335,0.97,3.735078036277273,5,300,-0.2346793578959436,20260914T074226Z,karachi_pk,True
climatology,aqi_max,2,24.69192885693724,19.992435122649376,-0.339449766620889,6.867177026030435,0.64,0.9866666666666668,5.5556557394166495,5,300,-0.0627924914738433,20260914T074226Z,karachi_pk,True
drifted_persistence,aqi_max,2,25.10924607384709,19.77870939917789,-0.4028932959755261,-0.0165879239845475,0.6466666666666667,0.9566666666666668,5.66378841049705,5,300,-0.0807547012009273,20260914T074226Z,karachi_pk,True
ridge,aqi_max,2,21.10379094835165,16.406120122346284,0.0010775829476141,-2.0653559053659807,0.7133333333333334,0.98,4.015827279787303,5,300,0.0916485021687423,20260914T074226Z,karachi_pk,True
elastic_net,aqi_max,2,18.43953444495988,14.68904600436365,0.2521409720536421,2.194688919818985,0.7166666666666666,0.9933333333333334,3.4820489279198044,5,300,0.2063236992167689,20260914T074226Z,karachi_pk,True
random_forest,aqi_max,2,18.48149049578086,14.835203413084765,0.2677372160508023,1.6207998501144032,0.7,0.9966666666666668,3.405214469254985,5,300,0.2045178226470287,20260914T074226Z,karachi_pk,True
extra_trees,aqi_max,2,18.52078557071686,14.82736830649378,0.2684322814140724,0.7820885245409771,0.7033333333333333,0.9966666666666668,3.731209507316761,5,300,0.2028264800696282,20260914T074226Z,karachi_pk,True
hist_gradient_boosting,aqi_max,2,18.72148694109564,14.95969386223498,0.2509132505250944,1.0147383245844313,0.6933333333333334,0.9966666666666668,2.970930541655848,5,300,0.1941878714496644,20260914T074226Z,karachi_pk,True
persistence,aqi_max,3,26.0305442197596,20.29739055214784,-0.4960497016667394,0.0459569074778203,0.5866666666666667,0.9733333333333334,4.736432843617338,5,300,0.0,20260914T074226Z,karachi_pk,True
seasonal_naive,aqi_max,3,28.647787506574616,23.212079513776803,-0.8314869791616332,0.1447021546261087,0.5766666666666668,0.97,3.7764357365693857,5,300,-0.100545085216785,20260914T074226Z,karachi_pk,True
climatology,aqi_max,3,24.651455567202007,19.95628838716173,-0.3267490260148339,6.945764410107088,0.64,0.9866666666666668,5.665762049409909,5,300,0.0529796319629282,20260914T074226Z,karachi_pk,True
drifted_persistence,aqi_max,3,29.224961529009995,22.942085092218928,-0.8935197629551108,-0.0115295412366434,0.5733333333333334,0.9533333333333334,4.770663923882601,5,300,-0.1227180377898338,20260914T074226Z,karachi_pk,True
ridge,aqi_max,3,21.736001557083465,17.293116663152198,-0.0337705049793665,-1.3712472891726253,0.7033333333333334,0.9933333333333334,3.948403172111537,5,300,0.1649809019135366,20260914T074226Z,karachi_pk,True
elastic_net,aqi_max,3,19.43664673408185,15.84958547964771,0.1736848382786789,3.279315061635215,0.7133333333333333,0.9933333333333334,3.5370369230085346,5,300,0.2533138542940014,20260914T074226Z,karachi_pk,True
random_forest,aqi_max,3,19.063592367176646,15.50049747012684,0.2231530442785918,2.0995380238395525,0.7066666666666668,0.9933333333333334,3.193267313084751,5,300,0.267645262955908,20260914T074226Z,karachi_pk,True
extra_trees,aqi_max,3,19.407775813610964,15.764099085555833,0.1968944667848285,1.2778081527618022,0.72,0.9933333333333334,3.4895174446013817,5,300,0.2544229713461517,20260914T074226Z,karachi_pk,True
hist_gradient_boosting,aqi_max,3,19.168244102842785,15.413420108115751,0.2064392229643114,0.0991088236480823,0.7066666666666667,0.9933333333333334,3.2093299340785326,5,300,0.2636249192096295,20260914T074226Z,karachi_pk,True
persistence,aqi_mean,1,14.201682303459195,10.670266919633924,0.3659045019863201,0.0141027672158851,0.7699999999999999,0.9966666666666668,4.745916008392448,5,300,0.0,20260915T071937Z,karachi_pk,True
seasonal_naive,aqi_mean,1,25.062540080116573,19.733636467058613,-1.027187713841664,0.1892673215040136,0.6166666666666667,0.9833333333333332,4.192884049136972,5,300,-0.7647585366708227,20260915T071937Z,karachi_pk,True
climatology,aqi_mean,1,19.89863942691175,16.10946528016142,-0.260175747742876,3.1906653191457828,0.6833333333333333,0.9933333333333334,4.17062966551388,5,300,-0.4011466389488876,20260915T071937Z,karachi_pk,True
drifted_persistence,aqi_mean,1,14.929571396357185,11.348693875787124,0.2993215463392599,0.0016973923441376,0.7666666666666666,0.9966666666666668,4.867283874145505,5,300,-0.0512537231395953,20260915T071937Z,karachi_pk,True
ridge,aqi_mean,1,9.444651427694444,7.298930663633932,0.7259178047788051,-0.3770237138483287,0.86,1.0,2.9507688907538148,5,300,0.334962490648453,20260915T071937Z,karachi_pk,True
elastic_net,aqi_mean,1,9.426383515504996,7.344863819463498,0.7220515195503581,0.3726801286335461,0.8733333333333333,1.0,3.284049344215937,5,300,0.3362488109448168,20260915T071937Z,karachi_pk,True
random_forest,aqi_mean,1,9.299787009281976,6.933196482965519,0.7270763316455496,0.8792209020558441,0.86,1.0,3.183261397553929,5,300,0.3451630017792495,20260915T071937Z,karachi_pk,True
extra_trees,aqi_mean,1,9.081221288173058,6.902463653512143,0.7389759878871333,0.562629003751192,0.8566666666666667,1.0,2.855953266545197,5,300,0.3605531306695204,20260915T071937Z,karachi_pk,True
hist_gradient_boosting,aqi_mean,1,9.44487134175182,6.914988985102248,0.7213813172575902,0.0711605853877092,0.8566666666666667,1.0,3.22704747280454,5,300,0.3349470055775525,20260915T071937Z,karachi_pk,True
persistence,aqi_mean,2,19.6464471005716,15.029102984809471,-0.2355214516727358,0.0395653781157584,0.6799999999999999,0.9866666666666668,5.011198502537066,5,300,0.0,20260915T071937Z,karachi_pk,True
seasonal_naive,aqi_mean,2,25.077751938899475,19.76354426173541,-1.044148608570108,0.1257604562737642,0.6166666666666667,0.9833333333333332,4.169814707363232,5,300,-0.2764522669429556,20260915T071937Z,karachi_pk,True
climatology,aqi_mean,2,19.856214881678945,16.050154745707705,-0.2621978239394885,3.299936940857313,0.6833333333333333,0.9933333333333334,4.18081310167626,5,300,-0.0106771356690362,20260915T071937Z,karachi_pk,True
drifted_persistence,aqi_mean,2,21.58819789653377,16.68165672838127,-0.4899117096541927,0.0147546283722635,0.6533333333333333,0.9866666666666668,5.331841076514801,5,300,-0.0988347046171866,20260915T071937Z,karachi_pk,True
ridge,aqi_mean,2,16.262755602555774,12.315903826040962,0.1722958499067187,-0.4131220467961701,0.7066666666666667,0.9966666666666668,4.309107519223434,5,300,0.1722291812201188,20260915T071937Z,karachi_pk,True
elastic_net,aqi_mean,2,15.121139142385818,11.865868111369512,0.2781327486470361,1.3795393639640707,0.7566666666666667,0.9966666666666668,4.019829158868537,5,300,0.2303372174633102,20260915T071937Z,karachi_pk,True
random_forest,aqi_mean,2,15.448332205833603,12.24246641848284,0.2425900151968397,1.2873233007810558,0.7633333333333334,0.9966666666666668,3.6669410646654574,5,300,0.2136831597717153,20260915T071937Z,karachi_pk,True
extra_trees,aqi_mean,2,15.203001010878742,12.027119512306196,0.261504813208192,0.6411718174123424,0.7466666666666666,0.9966666666666668,3.698452298635887,5,300,0.2261704656799538,20260915T071937Z,karachi_pk,True
hist_gradient_boosting,aqi_mean,2,15.476100005033354,12.236227762394916,0.2441333437291538,0.1938589744367667,0.7533333333333332,0.9966666666666668,3.85686080913689,5,300,0.2122697846684407,20260915T071937Z,karachi_pk,True
persistence,aqi_mean,3,22.2881453317192,16.95659887178674,-0.6130382805623306,0.0693752640473171,0.6599999999999999,0.9866666666666668,4.730259558792607,5,300,0.0,20260915T071937Z,karachi_pk,True
seasonal_naive,aqi_mean,3,25.07183660082479,19.755626010784844,-1.0601513679713173,0.1114765525982255,0.6166666666666667,0.9833333333333332,4.20119928164622,5,300,-0.1248955993275942,20260915T071937Z,karachi_pk,True
climatology,aqi_mean,3,19.839257486353382,15.996454579665672,-0.2711176043659781,3.4278946359309765,0.6833333333333333,0.9933333333333334,4.168546721687418,5,300,0.1098740074114961,20260915T071937Z,karachi_pk,True
drifted_persistence,aqi_mean,3,25.572506205328388,19.734428323537127,-1.1206321075722898,0.0321591394320752,0.6233333333333333,0.9833333333333332,5.199293424528851,5,300,-0.1473590926803172,20260915T071937Z,karachi_pk,True
ridge,aqi_mean,3,17.357931663509667,13.570577575798222,0.0413692865388632,0.001155721799269,0.72,1.0,4.124258520455698,5,300,0.2212034063324747,20260915T071937Z,karachi_pk,True
elastic_net,aqi_mean,3,16.406979678792446,12.93798276272666,0.1373723711613628,2.306839205910209,0.74,1.0,3.781785746472434,5,300,0.2638696744568073,20260915T071937Z,karachi_pk,True
random_forest,aqi_mean,3,16.27166049196793,12.985905374571615,0.1459801668593256,2.123082236652327,0.7466666666666667,1.0,3.111046347472887,5,300,0.2699410269543135,20260915T071937Z,karachi_pk,True
extra_trees,aqi_mean,3,16.544208998993433,13.035313573296468,0.1216295030107451,0.66355446905849,0.7233333333333334,1.0,3.302140862438461,5,300,0.2577126201950652,20260915T071937Z,karachi_pk,True
hist_gradient_boosting,aqi_mean,3,16.330987107725022,12.843261498729555,0.14175700442705,-0.3920807603479518,0.73,0.9966666666666668,2.9334813527553734,5,300,0.2672792255852843,20260915T071937Z,karachi_pk,True
persistence,aqi_max,1,17.486206713066785,12.680406401323484,0.3135355568903802,0.0149049429657795,0.7533333333333332,0.9866666666666668,4.418159210003308,5,300,0.0,20260915T071937Z,karachi_pk,True
seasonal_naive,aqi_max,1,28.685387891683185,23.26780194723688,-0.8410782623938236,0.2550760456273763,0.5733333333333335,0.97,3.735078036277273,5,300,-0.6404580114135143,20260915T071937Z,karachi_pk,True
climatology,aqi_max,1,24.70891599101428,20.008435877423587,-0.3415608217851843,6.794168040160673,0.64,0.9866666666666668,5.555938339433846,5,300,-0.4130518068593019,20260915T071937Z,karachi_pk,True
drifted_persistence,aqi_max,1,18.14982976368416,13.42401358059469,0.2603864840646305,0.0024995680940324,0.7433333333333333,0.9866666666666668,4.498791638309014,5,300,-0.037951229875458,20260915T071937Z,karachi_pk,True
ridge,aqi_max,1,15.514264678597394,11.790551296429282,0.4789551746334543,-1.807323493839948,0.78,0.9933333333333334,2.708510174720438,5,300,0.1127712869250158,20260915T071937Z,karachi_pk,True
elastic_net,aqi_max,1,13.791486676365006,10.71469764494162,0.5840716742906589,0.979145192707262,0.79,0.9966666666666668,2.68251773307589,5,300,0.2112933981239541,20260915T071937Z,karachi_pk,True
random_forest,aqi_max,1,15.26618766416649,11.384938480351504,0.4770792438483873,2.2697787123514845,0.7633333333333333,0.9933333333333334,1.0808191678503314,5,300,0.1269582983507429,20260915T071937Z,karachi_pk,True
extra_trees,aqi_max,1,14.039734769797002,11.004433085404075,0.5822805569582321,1.326491736556372,0.7766666666666666,0.9966666666666668,2.969745566335581,5,300,0.1970966030439502,20260915T071937Z,karachi_pk,True
hist_gradient_boosting,aqi_max,1,13.784383768301463,10.405678860978854,0.5847360307079607,0.2821355612001287,0.82,1.0,2.6529805566841853,5,300,0.2116995987471135,20260915T071937Z,karachi_pk,True
persistence,aqi_max,2,23.3362306297176,18.15415598705093,-0.2035957470895511,0.0391254752851714,0.6666666666666667,0.9733333333333334,5.120836581829213,5,300,0.0,20260915T071937Z,karachi_pk,True
seasonal_naive,aqi_max,2,28.647787506574616,23.212079513776803,-0.8314869791616332,0.1447021546261087,0.5766666666666668,0.97,3.7764357365693857,5,300,-0.227609889580582,20260915T071937Z,karachi_pk,True
climatology,aqi_max,2,24.65104682507098,19.95924975654075,-0.3266984986736238,6.903298864821181,0.64,0.9866666666666668,5.66574609311366,5,300,-0.0563422695042714,20260915T071937Z,karachi_pk,True
drifted_persistence,aqi_max,2,25.193647458526552,19.74780674965167,-0.405651549325711,0.014314725541676,0.6466666666666667,0.9566666666666668,5.225297550666919,5,300,-0.0795936952407223,20260915T071937Z,karachi_pk,True
ridge,aqi_max,2,21.12383332986524,16.473769085734794,0.0030277015042651,-2.1455951133766304,0.7166666666666667,0.98,3.942757275694244,5,300,0.0948052551826845,20260915T071937Z,karachi_pk,True
elastic_net,aqi_max,2,18.448224984964018,14.708516301801504,0.2537742290919034,2.150903696471865,0.7166666666666667,0.9933333333333334,3.4343598361574794,5,300,0.2094599475944899,20260915T071937Z,karachi_pk,True
random_forest,aqi_max,2,18.422642862296733,14.763930963571616,0.2764900830896367,1.540803331540667,0.7,0.9966666666666668,3.507632094276126,5,300,0.2105561881602096,20260915T071937Z,karachi_pk,True
extra_trees,aqi_max,2,18.35544821783773,14.698264587401766,0.2836879260049135,0.8396642762676301,0.7100000000000001,0.9966666666666668,3.669174675045871,5,300,0.2134356011007655,20260915T071937Z,karachi_pk,True
hist_gradient_boosting,aqi_max,2,18.276403150005176,14.40255419318478,0.2763382476310257,0.9793373934747532,0.71,0.9966666666666668,3.687681436734423,5,300,0.2168228262737928,20260915T071937Z,karachi_pk,True
persistence,aqi_max,3,26.10255740528984,20.26758066621628,-0.4988917559268543,0.0757667934093789,0.5866666666666667,0.9733333333333334,4.263762585050445,5,300,0.0,20260915T071937Z,karachi_pk,True
seasonal_naive,aqi_max,3,28.635374621929667,23.19903768868175,-0.8201347272317191,0.1279340937896071,0.5766666666666668,0.97,3.860946816656949,5,300,-0.0970332974395276,20260915T071937Z,karachi_pk,True
climatology,aqi_max,3,24.64464162076764,19.93999666925336,-0.3222627395577191,7.034898857645546,0.64,0.9866666666666668,5.686919741511465,5,300,0.0558533695333138,20260915T071937Z,karachi_pk,True
drifted_persistence,aqi_max,3,29.27663983483152,22.89200488218815,-0.8960959423313117,0.0385506687941367,0.5733333333333334,0.9533333333333334,4.343914892828081,5,300,-0.1216004386182652,20260915T071937Z,karachi_pk,True
ridge,aqi_max,3,21.81362892597465,17.332715616854045,-0.0349266540748831,-1.3216697669825752,0.7,0.9933333333333334,3.685256498451691,5,300,0.1643106616996082,20260915T071937Z,karachi_pk,True
elastic_net,aqi_max,3,19.445855658919875,15.852681827416456,0.1744314204727319,3.3038407753047894,0.71,0.9933333333333334,3.456611943504804,5,300,0.2550210557154426,20260915T071937Z,karachi_pk,True
random_forest,aqi_max,3,18.96095070962496,15.385304752046451,0.2311019179667628,2.042616350964066,0.6866666666666668,0.9933333333333334,3.328489059113566,5,300,0.2735979691483253,20260915T071937Z,karachi_pk,True
extra_trees,aqi_max,3,19.355333930877386,15.761562254355358,0.204457666327593,1.1767210373328725,0.7166666666666667,0.9966666666666668,3.5014768067566773,5,300,0.2584889813534164,20260915T071937Z,karachi_pk,True
hist_gradient_boosting,aqi_max,3,18.39919119707005,14.69824245310672,0.2616922891449957,1.319229749184649,0.7033333333333334,0.9933333333333334,3.1046447143525384,5,300,0.2951192133633104,20260915T071937Z,karachi_pk,True
persistence,aqi_mean,1,14.216557935522468,10.658907075949934,0.3612802026300866,0.0254626108998732,0.7700000000000001,0.9966666666666668,4.689607878790708,5,300,0.0,20260916T072315Z,karachi_pk,True
seasonal_naive,aqi_mean,1,25.077751938899475,19.76354426173541,-1.044148608570108,0.1257604562737642,0.6166666666666667,0.9833333333333332,4.169814707363232,5,300,-0.763981974584613,20260916T072315Z,karachi_pk,True
climatology,aqi_mean,1,19.87205230786232,16.06425198958862,-0.2640842744612112,3.2394789763191767,0.6833333333333333,0.9933333333333334,4.192657151637558,5,300,-0.3978103840598888,20260916T072315Z,karachi_pk,True
drifted_persistence,aqi_mean,1,14.942448749310527,11.331803525207732,0.2944606072387863,0.0185877429235328,0.7666666666666666,0.9966666666666668,4.809543870050422,5,300,-0.0510595333329102,20260916T072315Z,karachi_pk,True
ridge,aqi_mean,1,9.4946000999267,7.329870350118687,0.7213146349534885,-0.3989780516982455,0.86,1.0,2.918215857209676,5,300,0.332144943734739,20260916T072315Z,karachi_pk,True
elastic_net,aqi_mean,1,9.454256339181688,7.350098198492072,0.7196450670600945,0.3442817674184967,0.8766666666666666,1.0,3.224049880739107,5,300,0.3349827446235327,20260916T072315Z,karachi_pk,True
random_forest,aqi_mean,1,9.315089826900897,6.978246973551856,0.7243009944573,0.8841339538518127,0.85,1.0,3.1947438477159453,5,300,0.3447717887024134,20260916T072315Z,karachi_pk,True
extra_trees,aqi_mean,1,9.05958942477742,6.881637155245518,0.7380088288345181,0.5587946044056854,0.85,1.0,2.881268093168691,5,300,0.3627438184498579,20260916T072315Z,karachi_pk,True
hist_gradient_boosting,aqi_mean,1,9.638278073472089,7.251037974866645,0.7074712651483286,0.5745924476160804,0.85,1.0,3.745412423865355,5,300,0.322038561149234,20260916T072315Z,karachi_pk,True
persistence,aqi_mean,2,19.658749485114985,15.013395866093797,-0.248387533567889,0.0552724968314323,0.6799999999999999,0.9866666666666668,4.9513898421835645,5,300,0.0,20260916T072315Z,karachi_pk,True
seasonal_naive,aqi_mean,2,25.07183660082479,19.755626010784844,-1.0601513679713173,0.1114765525982255,0.6166666666666667,0.9833333333333332,4.20119928164622,5,300,-0.2753525660321594,20260916T072315Z,karachi_pk,True
climatology,aqi_mean,2,19.83964817237095,16.00299107173992,-0.2711640771699886,3.367610151546142,0.6833333333333333,0.9933333333333334,4.168836240953624,5,300,-0.0092019427478302,20260916T072315Z,karachi_pk,True
drifted_persistence,aqi_mean,2,21.59827035928417,16.65488859587478,-0.5044317187616363,0.0415227608787515,0.6533333333333333,0.9866666666666668,5.268968157957199,5,300,-0.0986594226472916,20260916T072315Z,karachi_pk,True
ridge,aqi_mean,2,16.29680408965249,12.339708723581692,0.1615370173703425,-0.3732666846258143,0.71,0.9966666666666668,4.173312169376706,5,300,0.1710152213907634,20260916T072315Z,karachi_pk,True
elastic_net,aqi_mean,2,15.136325508318016,11.876199714513152,0.2699532053949991,1.3944022481293643,0.7566666666666667,0.9966666666666668,3.951861284225165,5,300,0.2300463709668416,20260916T072315Z,karachi_pk,True
random_forest,aqi_mean,2,15.39236115064387,12.206844850226611,0.2402982790481818,1.2687222415944766,0.7633333333333334,0.9966666666666668,3.614180225018349,5,300,0.217022366437982,20260916T072315Z,karachi_pk,True
extra_trees,aqi_mean,2,15.212693007102695,12.022516772829215,0.2555006934931478,0.4133769875049038,0.7433333333333333,0.9966666666666668,3.5706951959281628,5,300,0.2261617139675497,20260916T072315Z,karachi_pk,True
hist_gradient_boosting,aqi_mean,2,15.66433281896129,12.33809744427216,0.2179965772967048,-0.6484740082202974,0.74,0.9933333333333334,3.7360291532106578,5,300,0.2031877291675214,20260916T072315Z,karachi_pk,True
persistence,aqi_mean,3,22.2701879257162,16.935535289192735,-0.6083803788192869,0.1351536755386564,0.6599999999999999,0.9866666666666668,4.770728337860439,5,300,0.0,20260916T072315Z,karachi_pk,True
seasonal_naive,aqi_mean,3,25.05668742143526,19.74514597276203,-1.0552504971758063,0.1650670680185892,0.6166666666666667,0.9833333333333332,4.270947461075791,5,300,-0.1251224060171214,20260916T072315Z,karachi_pk,True
climatology,aqi_mean,3,19.79636125179633,15.967078588632408,-0.2668748915070025,3.536878004214602,0.6833333333333333,0.9933333333333334,4.207531815675213,5,300,0.111082433707856,20260916T072315Z,karachi_pk,True
drifted_persistence,aqi_mean,3,25.549573194085703,19.705869782360832,-1.1134841287462884,0.1145290716096355,0.6233333333333333,0.9833333333333332,5.243979958584006,5,300,-0.1472544946323815,20260916T072315Z,karachi_pk,True
ridge,aqi_mean,3,17.37703716231537,13.545003320140063,0.0387562165901762,0.0139444411881878,0.7166666666666667,1.0,4.115473425972766,5,300,0.2197175335799717,20260916T072315Z,karachi_pk,True
elastic_net,aqi_mean,3,16.39819692057786,12.924564408333104,0.13864833789808,2.325207263288159,0.7366666666666667,1.0,3.799664017694008,5,300,0.2636704739414317,20260916T072315Z,karachi_pk,True
random_forest,aqi_mean,3,16.34215180198377,13.09790749829068,0.1397375615305021,2.1319648798066337,0.7466666666666667,1.0,3.177096605121186,5,300,0.2661870723096642,20260916T072315Z,karachi_pk,True
extra_trees,aqi_mean,3,16.5635814483339,13.040926259325852,0.1192991120476004,0.7277866211933276,0.71,1.0,3.229862480653308,5,300,0.2562441994839511,20260916T072315Z,karachi_pk,True
hist_gradient_boosting,aqi_mean,3,16.98939869485107,13.438871851571884,0.0727162283914261,1.2927505167731754,0.73,1.0,3.305575949892077,5,300,0.2371236941726572,20260916T072315Z,karachi_pk,True
persistence,aqi_max,1,17.49204184263537,12.671090811969872,0.3167191891605997,0.0242205323193917,0.7533333333333333,0.9866666666666668,4.391642394689105,5,300,0.0,20260916T072315Z,karachi_pk,True
seasonal_naive,aqi_max,1,28.647787506574616,23.212079513776803,-0.8314869791616332,0.1447021546261087,0.5766666666666668,0.97,3.7764357365693857,5,300,-0.6377612038834748,20260916T072315Z,karachi_pk,True
climatology,aqi_max,1,24.668192995853342,19.978994747943894,-0.3288216169941421,6.830289878951421,0.64,0.9866666666666668,5.666516690863173,5,300,-0.4102523431956761,20260916T072315Z,karachi_pk,True
drifted_persistence,aqi_max,1,18.155351003581423,13.410957593133164,0.2637378528682726,0.0173456643430517,0.7433333333333333,0.9866666666666668,4.469958328490945,5,300,-0.0379206250998835,20260916T072315Z,karachi_pk,True
ridge,aqi_max,1,15.51766021873446,11.78735073913833,0.4804589286942757,-1.848283559043382,0.7833333333333334,0.9933333333333334,2.687395012795797,5,300,0.1128731363475544,20260916T072315Z,karachi_pk,True
elastic_net,aqi_max,1,13.79262501645368,10.71846744245907,0.5858014687469868,0.9427805080095674,0.79,0.9966666666666668,2.682715590970548,5,300,0.2114914233262738,20260916T072315Z,karachi_pk,True
random_forest,aqi_max,1,15.22768521720217,11.415939194718664,0.483672519743722,2.2466396430406155,0.7666666666666667,0.9933333333333334,1.1841808173024555,5,300,0.1294506751015208,20260916T072315Z,karachi_pk,True
extra_trees,aqi_max,1,14.077651234130007,10.916097798449377,0.5812244430326967,1.2732429376098016,0.7866666666666666,0.9966666666666668,2.9107183232048097,5,300,0.1951968008779326,20260916T072315Z,karachi_pk,True
hist_gradient_boosting,aqi_max,1,14.133376508762757,10.55753796129409,0.5826111443790035,0.936042143789312,0.8,0.9966666666666668,2.90700989244997,5,300,0.1920110507445821,20260916T072315Z,karachi_pk,True
persistence,aqi_max,2,23.338744552358207,18.143598319116848,-0.2003907457183877,0.0608618504435996,0.6666666666666667,0.9733333333333334,5.102625245071028,5,300,0.0,20260916T072315Z,karachi_pk,True
seasonal_naive,aqi_max,2,28.635374621929667,23.19903768868175,-0.8201347272317191,0.1279340937896071,0.5766666666666668,0.97,3.860946816656949,5,300,-0.2269458006915918,20260916T072315Z,karachi_pk,True
climatology,aqi_max,2,24.644032602212352,19.941011393034547,-0.3221880473235191,6.99243331235964,0.64,0.9866666666666668,5.68689172486412,5,300,-0.0559279462066117,20260916T072315Z,karachi_pk,True
drifted_persistence,aqi_max,2,25.197385457187803,19.732252442662716,-0.4018176478375386,0.0471121144909187,0.6466666666666667,0.9566666666666668,5.192526425795234,5,300,-0.0796375700783695,20260916T072315Z,karachi_pk,True
ridge,aqi_max,2,21.17544993077066,16.47617613150171,0.0073956727548324,-2.0078456691266666,0.7166666666666667,0.98,3.678725285062415,5,300,0.0926911306961865,20260916T072315Z,karachi_pk,True
elastic_net,aqi_max,2,18.44413974274384,14.70518846272832,0.255376022613168,2.188952311686746,0.7166666666666667,0.9933333333333334,3.4183472762706963,5,300,0.2097201414854942,20260916T072315Z,karachi_pk,True
random_forest,aqi_max,2,18.408637874876757,14.740158902790297,0.2785425382896984,1.5320524078742852,0.7,0.9966666666666668,3.5271365712071416,5,300,0.2112412973380483,20260916T072315Z,karachi_pk,True
extra_trees,aqi_max,2,18.38565124314536,14.709500143524798,0.2826282638273268,0.9252554887860658,0.7033333333333334,0.9966666666666668,3.7316271457532393,5,300,0.2122262102874069,20260916T072315Z,karachi_pk,True
hist_gradient_boosting,aqi_max,2,18.766526043091464,14.766401874474,0.2506291910531323,0.5600615268570382,0.7033333333333334,0.9966666666666668,3.627710953651447,5,300,0.1959067892023676,20260916T072315Z,karachi_pk,True
persistence,aqi_max,3,26.09343491730923,20.24894948750905,-0.4880823900471643,0.1415969581749049,0.5866666666666667,0.9733333333333334,4.276433166209066,5,300,0.0,20260916T072315Z,karachi_pk,True
seasonal_naive,aqi_max,3,28.599410239363028,23.17916443139404,-0.7948053707723478,0.1726489226869457,0.5766666666666668,0.97,4.086408598041616,5,300,-0.0960385372794074,20260916T072315Z,karachi_pk,True
climatology,aqi_max,3,24.602429263201472,19.892320264167267,-0.3111382764851098,7.152961187607159,0.64,0.9866666666666668,5.7311444912418255,5,300,0.0571410264241866,20260916T072315Z,karachi_pk,True
drifted_persistence,aqi_max,3,29.260606674697737,22.86587874489863,-0.88200879699366,0.1209723542458839,0.5733333333333334,0.9533333333333334,4.37745651746396,5,300,-0.12137810784304,20260916T072315Z,karachi_pk,True
ridge,aqi_max,3,21.75944708539098,17.315988070802508,-0.0189340167490964,-1.335000714487985,0.6966666666666667,0.9933333333333334,3.764436114430226,5,300,0.1660949524527057,20260916T072315Z,karachi_pk,True
elastic_net,aqi_max,3,19.4112978010863,15.813878949332397,0.1841088189666022,3.322339328201985,0.71,0.9933333333333334,3.5225276175479325,5,300,0.2560849936928119,20260916T072315Z,karachi_pk,True
random_forest,aqi_max,3,18.89151101082372,15.383303994921691,0.2440247503891027,1.9755211098869732,0.6900000000000002,0.9933333333333334,3.574956212431979,5,300,0.2760052070303734,20260916T072315Z,karachi_pk,True
extra_trees,aqi_max,3,19.22234830139337,15.552632793828495,0.221428498743416,1.2522370481189682,0.7233333333333334,0.9966666666666668,3.5805102046288697,5,300,0.2633262595626259,20260916T072315Z,karachi_pk,True
hist_gradient_boosting,aqi_max,3,19.54876507918357,15.6189357731782,0.1896594473866041,1.4903326566755517,0.7100000000000001,0.9933333333333334,3.082169528748018,5,300,0.2508167230135045,20260916T072315Z,karachi_pk,True
persistence,aqi_mean,1,14.213666906497574,10.66325435098162,0.35490723358162424,0.029809885931558956,0.7700000000000001,0.9966666666666667,4.699476193986316,5,300,0.0,20260917T071844Z,karachi_pk,True
seasonal_naive,aqi_mean,1,25.07183660082479,19.755626010784844,-1.0601513679713173,0.11147655259822557,0.6166666666666667,0.9833333333333332,4.20119928164622,5,300,-0.7639245921376951,20260917T071844Z,karachi_pk,True
climatology,aqi_mean,1,19.855309603826395,16.017088315620835,-0.2730385610166552,3.307152187008003,0.6833333333333333,0.9933333333333334,4.1801219679236965,5,300,-0.3969167657045505,20260917T071844Z,karachi_pk,True
drifted_persistence,aqi_mean,1,14.939641410206937,11.33734204971132,0.2875821196983545,0.02412626742712273,0.7666666666666666,0.9966666666666667,4.819489964328191,5,300,-0.05107580672074796,20260917T071844Z,karachi_pk,True
ridge,aqi_mean,1,9.541850944226086,7.375946316099814,0.715896000990259,-0.358683217647434,0.86,1.0,2.862323833447711,5,300,0.32868477874177804,20260917T071844Z,karachi_pk,True
elastic_net,aqi_mean,1,9.469636215206062,7.3685441636664475,0.7162139620676224,0.36206092594467193,0.8733333333333333,1.0,3.1780086835103614,5,300,0.3337654331214731,20260917T071844Z,karachi_pk,True
random_forest,aqi_mean,1,9.270372838438135,6.948333385452361,0.7242779796804435,0.9404730161880701,0.8566666666666667,1.0,3.1797427963405505,5,300,0.34778457245256555,20260917T071844Z,karachi_pk,True
extra_trees,aqi_mean,1,9.101495844558743,6.889561743219066,0.7340735727184129,0.5731973511648467,0.8666666666666666,1.0,2.8963232333313544,5,300,0.3596658832353723,20260917T071844Z,karachi_pk,True
hist_gradient_boosting,aqi_mean,1,9.472657122751976,6.927494469005298,0.7158159382718299,0.37867064171600073,0.8566666666666667,1.0,3.1666807107025923,5,300,0.3335528977099016,20260917T071844Z,karachi_pk,True
persistence,aqi_mean,2,19.667233374950147,15.02418642376173,-0.24893231183321887,0.10969106463878331,0.6799999999999999,0.9866666666666667,4.935462092983168,5,300,0.0,20260917T071844Z,karachi_pk,True
seasonal_naive,aqi_mean,2,25.05668742143526,19.74514597276203,-1.0552504971758063,0.16506706801858922,0.6166666666666667,0.9833333333333332,4.270947461075791,5,300,-0.2740321398407555,20260917T071844Z,karachi_pk,True
climatology,aqi_mean,2,19.79697251529823,15.97361508070665,-0.2669452462734463,3.4765935198297684,0.6833333333333333,0.9933333333333334,4.20814090267258,5,300,-0.006596715352619409,20260917T071844Z,karachi_pk,True
drifted_persistence,aqi_mean,2,21.602735902044525,16.663938025532577,-0.5039523797464186,0.0983238276299112,0.6533333333333333,0.9866666666666667,5.265293409320345,5,300,-0.09841254690960244,20260917T071844Z,karachi_pk,True
ridge,aqi_mean,2,16.309965731018124,12.351516731074502,0.16062198704984673,-0.32539780917053107,0.7133333333333333,0.9966666666666667,4.187702188128233,5,300,0.17070360532804385,20260917T071844Z,karachi_pk,True
elastic_net,aqi_mean,2,15.129612401087153,11.85615109511566,0.2704873001928597,1.417650882861918,0.7566666666666667,0.9966666666666667,3.9609743505398582,5,300,0.23071984184834515,20260917T071844Z,karachi_pk,True
random_forest,aqi_mean,2,15.356463962428887,12.167930400499895,0.2437320882805027,1.3244421463911957,0.7633333333333334,0.9966666666666667,3.6301585426773713,5,300,0.21918534906957587,20260917T071844Z,karachi_pk,True
extra_trees,aqi_mean,2,15.232183576680464,12.130345159766724,0.2532817407109006,0.4481409205452288,0.74,0.9966666666666667,3.568365281977049,5,300,0.22550450862694993,20260917T071844Z,karachi_pk,True
hist_gradient_boosting,aqi_mean,2,15.777627735443204,12.517111641479273,0.20548768387337502,-0.19975965725855396,0.7233333333333334,0.9966666666666667,3.9288335049991017,5,300,0.19777085904014713,20260917T071844Z,karachi_pk,True
persistence,aqi_mean,3,22.26440104010306,16.89788169592008,-0.5974332400132972,0.2271999599815723,0.6633333333333333,0.9866666666666667,4.688049001326266,5,300,0.0,20260917T071844Z,karachi_pk,True
seasonal_naive,aqi_mean,3,24.99656314034458,19.671239210921566,-1.0331096326138223,0.280221189385882,0.62,0.9833333333333332,4.3240267638736976,5,300,-0.12271437687994835,20260917T071844Z,karachi_pk,True
climatology,aqi_mean,3,19.671194988086626,15.883360209766925,-0.24540533185816704,3.685927916753802,0.6866666666666668,0.9933333333333334,4.328974204703936,5,300,0.11647320075422207,20260917T071844Z,karachi_pk,True
drifted_persistence,aqi_mean,3,25.5368104955229,19.66560449707297,-1.0975756832808183,0.2101491044682629,0.6266666666666666,0.9833333333333332,5.195794025078214,5,300,-0.14697945161540682,20260917T071844Z,karachi_pk,True
ridge,aqi_mean,3,17.33633061748363,13.515196722250996,0.0508277159684279,0.09418600092250476,0.7233333333333334,1.0,4.175760670253443,5,300,0.22134304954994732,20260917T071844Z,karachi_pk,True
elastic_net,aqi_mean,3,16.360958738054016,12.863569062788622,0.14872643306450833,2.3835231422479426,0.74,1.0,3.795872886681886,5,300,0.2651516333817223,20260917T071844Z,karachi_pk,True
random_forest,aqi_mean,3,16.309891986346575,13.033360025734444,0.14826902813685355,2.199320637617034,0.7466666666666667,1.0,3.156540025524291,5,300,0.2674452837527994,20260917T071844Z,karachi_pk,True
extra_trees,aqi_mean,3,16.52404872947371,13.06685722156728,0.12900374798946898,0.8142389256319802,0.7200000000000001,1.0,3.340056330365723,5,300,0.25782648723806767,20260917T071844Z,karachi_pk,True
hist_gradient_boosting,aqi_mean,3,16.217903908110546,12.95860725374508,0.161347476829609,1.4281889393534504,0.7133333333333334,1.0,3.277730670985333,5,300,0.2715769052624164,20260917T071844Z,karachi_pk,True
persistence,aqi_max,1,17.49227952190359,12.671090811969876,0.3185594858807918,0.03664131812420788,0.7533333333333333,0.9866666666666667,4.390695602627159,5,300,0.0,20260917T071844Z,karachi_pk,True
seasonal_naive,aqi_max,1,28.635374621929667,23.19903768868175,-0.8201347272317191,0.12793409378960713,0.5766666666666668,0.97,3.8609468166569494,5,300,-0.6370293297721916,20260917T071844Z,karachi_pk,True
climatology,aqi_max,1,24.6611693838231,19.95335449043183,-0.32437581908236957,6.919424326489877,0.64,0.9866666666666667,5.686929168941243,5,300,-0.4098316547561869,20260917T071844Z,karachi_pk,True
drifted_persistence,aqi_max,1,18.153949989891203,13.410087029128096,0.265824017032075,0.0309576996197719,0.7433333333333333,0.9866666666666667,4.475247729660947,5,300,-0.03782642892020327,20260917T071844Z,karachi_pk,True
ridge,aqi_max,1,15.562064545854806,11.837951253843753,0.4788865645465291,-1.758177349953423,0.78,0.9933333333333334,2.619179589065186,5,300,0.11034668029582972,20260917T071844Z,karachi_pk,True
elastic_net,aqi_max,1,13.789153920618855,10.729594554528354,0.5866946638210007,0.9830747790096985,0.79,0.9966666666666667,2.6800561428502516,5,300,0.2117005731956051,20260917T071844Z,karachi_pk,True
random_forest,aqi_max,1,15.28620007506448,11.492803140319626,0.47933663655201714,2.3302612874917563,0.7633333333333334,0.9966666666666667,1.2470799705407738,5,300,0.12611732187772828,20260917T071844Z,karachi_pk,True
extra_trees,aqi_max,1,14.07014648860869,10.95840182978496,0.5847857482883433,1.4345914508307933,0.7866666666666666,0.9966666666666667,2.9474036651684212,5,300,0.19563676815304443,20260917T071844Z,karachi_pk,True
hist_gradient_boosting,aqi_max,1,14.256345924855404,10.72385183124407,0.5681321294678267,1.0144028041038484,0.7866666666666666,0.9933333333333334,2.41932801471271,5,300,0.1849921042592645,20260917T071844Z,karachi_pk,True
persistence,aqi_max,2,23.335597002681293,18.135524808343714,-0.19214061969676802,0.11737642585551342,0.6666666666666667,0.9733333333333334,5.103607830769326,5,300,0.0,20260917T071844Z,karachi_pk,True
seasonal_naive,aqi_max,2,28.599410239363028,23.179164431394042,-0.7948053707723478,0.1726489226869457,0.5766666666666668,0.97,4.086408598041616,5,300,-0.22557011230854362,20260917T071844Z,karachi_pk,True
climatology,aqi_max,2,24.601874539901267,19.894606924912985,-0.31106953351817185,7.1104956423212515,0.64,0.9866666666666667,5.731105484644575,5,300,-0.05426377294201967,20260917T071844Z,karachi_pk,True
drifted_persistence,aqi_max,2,25.190259791796144,19.72243780387944,-0.3917444132057094,0.1060091888466405,0.6466666666666667,0.9566666666666667,5.210370440711663,5,300,-0.07947783761014326,20260917T071844Z,karachi_pk,True
ridge,aqi_max,2,21.140327222914056,16.473427353400442,0.01893584928367189,-1.9590609446279152,0.7166666666666667,0.9800000000000001,3.7481255336236705,5,300,0.09407386404191831,20260917T071844Z,karachi_pk,True
elastic_net,aqi_max,2,18.434100015365487,14.672696638108931,0.2632316050591105,2.2093514399572305,0.7166666666666667,0.9933333333333334,3.406998094482754,5,300,0.21004377932789198,20260917T071844Z,karachi_pk,True
random_forest,aqi_max,2,18.455564473513498,14.799894396914084,0.28011254780476114,1.556621743146588,0.7,0.9966666666666667,3.5625776559650992,5,300,0.20912396321410043,20260917T071844Z,karachi_pk,True
extra_trees,aqi_max,2,18.472764771421453,14.878099137281009,0.28377581326563645,1.0763509966605542,0.6966666666666668,0.9933333333333334,3.8241094033836456,5,300,0.20838687909724762,20260917T071844Z,karachi_pk,True
hist_gradient_boosting,aqi_max,2,18.68277846805736,14.968280224476052,0.2619632285462122,-0.18504356235078065,0.7066666666666668,0.9966666666666667,3.6957925508288354,5,300,0.19938716520041533,20260917T071844Z,karachi_pk,True
persistence,aqi_max,3,26.053198376976713,20.19064949578873,-0.4732770841593462,0.24833801453401355,0.5900000000000001,0.9733333333333334,4.303391677295595,5,300,0.0,20260917T071844Z,karachi_pk,True
seasonal_naive,aqi_max,3,28.519041779089303,23.10037014309577,-0.766592885520947,0.29615803988255635,0.5800000000000001,0.97,4.28599036113676,5,300,-0.0946464755088059,20260917T071844Z,karachi_pk,True
climatology,aqi_max,3,24.48793183086918,19.790638102071984,-0.2924343034650706,7.320633410208572,0.6433333333333334,0.9866666666666667,5.790014716047008,5,300,0.06007963104793934,20260917T071844Z,karachi_pk,True
drifted_persistence,aqi_max,3,29.218410004192958,22.8049670611631,-0.8625571777799724,0.23128715902070457,0.5766666666666667,0.9533333333333334,4.428759105053346,5,300,-0.12149032842022778,20260917T071844Z,karachi_pk,True
ridge,aqi_max,3,21.699338999657318,17.2830709287334,-0.0013750051529196838,-1.2298133776088858,0.7000000000000001,0.9933333333333334,3.91520505671709,5,300,0.16711419896786694,20260917T071844Z,karachi_pk,True
elastic_net,aqi_max,3,19.367754753440373,15.758898763814694,0.19533377939273172,3.3930692066126915,0.7133333333333333,0.9933333333333334,3.5631148491573486,5,300,0.2566074048491599,20260917T071844Z,karachi_pk,True
random_forest,aqi_max,3,18.880842664408345,15.3795431167797,0.25085328264873186,1.9989653559827805,0.6866666666666668,0.9933333333333334,3.6021355657746565,5,300,0.27529655318276003,20260917T071844Z,karachi_pk,True
extra_trees,aqi_max,3,19.14750218193671,15.541614490790161,0.23227391129856523,1.262199997005575,0.7100000000000001,0.9966666666666667,3.5997459670157554,5,300,0.2650613600341134,20260917T071844Z,karachi_pk,True
hist_gradient_boosting,aqi_max,3,18.933051667399464,15.039018966895563,0.25184314790521023,1.332341107514194,0.7133333333333334,0.9933333333333334,2.95023831409715,5,300,0.27329261484721745,20260917T071844Z,karachi_pk,True
